order_id,return_reason,refund_amount
O202487,changed mind,302.57
O209802,changed mind,196.58
O202083,damaged,86.19
O205308,damaged,224.13
O223746,changed mind,356.3
O216753,late delivery,227.82
O218538,changed mind,314.12
O213870,not as described,83.98
O222933,changed mind,99.67
O221387,wrong size,40.85
O201448,wrong size,168.67
O214982,not as described,190.89
O206823,damaged,368.96
O221011,nan,64.57
O201425,Wrong Size,257.26
O202740,damaged,290.56
O223722,changed mind,161.44
O217097,not as described,122.02
O214642,changed mind,173.28
O220638,damaged,71.12
O205294,damaged,259.22
O203733,changed mind,218.09
O219601,wrong size,283.93
O212455,nan,278.16
O205852,damaged,64.58
O210446,nan,249.69
O203293,changed mind,184.97
O221015,nan,161.52
O216319,damaged,381.79
O222890,Wrong Size,73.45
O225155,late delivery,227.34
O200886,not as described,201.11
O202907,not as described,10.44
O203940,late delivery,50.2
O225442,late delivery,218.91
O225795,wrong size,230.31
O207632,nan,44.51
O217085,changed mind,302.83
O215717,nan,397.92
O202052,not as described,316.9
O205262,changed mind,260.88
O207598,Wrong Size,268.52
O202844,Wrong Size,112.67
O217037,damaged,237.86
O201227,nan,360.18
O216983,not as described,59.11
O204287,changed mind,78.68
O205345,late delivery,235.7
O207561,wrong size,185.56
O216853,damaged,110.02
O200760,nan,33.9
O215539,late delivery,127.91
O219946,late delivery,51.6
O220565,changed mind,217.11
O206607,changed mind,368.81
O203958,late delivery,275.19
O214887,damaged,273.82
O211829,nan,375.57
O217966,changed mind,159.28
O202480,damaged,258.61
O211080,not as described,96.55
O221027,wrong size,59.39
O200474,nan,75.09
O223268,changed mind,51.63
O213984,late delivery,256.47
O222701,Wrong Size,234.0
O213095,not as described,129.69
O212884,late delivery,107.53
O214289,not as described,200.99
O205868,Wrong Size,155.98
O214617,wrong size,324.7
O211005,changed mind,346.01
O201309,changed mind,313.49
O207358,wrong size,53.16
O221119,nan,236.67
O224683,not as described,318.79
O205900,changed mind,364.73
O222597,late delivery,291.86
O205170,Wrong Size,398.12
O214102,changed mind,51.78
O224297,late delivery,376.84
O200874,late delivery,167.89
O217176,late delivery,144.58
O214946,nan,379.43
O222882,wrong size,98.57
O223811,damaged,137.55
O209294,damaged,168.33
O205335,damaged,285.02
O211199,not as described,63.03
O219284,changed mind,358.67
O221704,late delivery,145.15
O214159,damaged,225.32
O203494,changed mind,241.38
O204423,not as described,314.69
O213128,late delivery,310.48
O202483,not as described,53.24
O204702,Wrong Size,179.48
O218148,damaged,158.66
O203897,damaged,235.05
O207085,wrong size,169.03
O205573,not as described,214.26
O204966,not as described,213.9
O216639,wrong size,393.08
O225323,damaged,189.99
O220604,changed mind,49.06
O217183,nan,238.74
O216815,late delivery,149.0
O225569,late delivery,285.88
O208306,not as described,114.96
O218493,late delivery,305.81
O217048,changed mind,39.66
O209164,late delivery,162.84
O214625,Wrong Size,388.98
O224542,wrong size,385.78
O200820,late delivery,338.86
O208836,late delivery,50.83
O219022,wrong size,64.24
O218368,changed mind,160.38
O220233,damaged,296.4
O210279,damaged,200.03
O210043,late delivery,303.6
O202999,damaged,343.1
O202239,changed mind,254.61
O211645,Wrong Size,297.31
O213442,changed mind,193.29
O221235,changed mind,397.81
O225634,damaged,84.94
O214070,wrong size,56.95
O208736,Wrong Size,362.61
O213298,damaged,73.95
O202725,wrong size,59.67
O209522,late delivery,131.08
O219040,wrong size,25.84
O204193,wrong size,265.34
O220886,changed mind,213.51
O224373,damaged,194.44
O215477,changed mind,250.86
O218142,damaged,366.01
O218531,late delivery,355.76
O220501,wrong size,305.25
O223587,changed mind,214.83
O205614,nan,89.08
O205160,nan,286.99
O216334,changed mind,127.11
O207169,late delivery,65.45
O207209,nan,225.71
O212068,changed mind,216.32
O209514,nan,161.02
O210013,late delivery,55.66
O208918,Wrong Size,286.44
O220595,wrong size,154.0
O202828,not as described,369.09
O201226,wrong size,268.49
O225675,not as described,228.7
O208640,not as described,86.56
O224824,damaged,200.84
O206103,not as described,154.01
O216411,late delivery,181.69
O206682,nan,221.29
O212836,wrong size,263.83
O209769,changed mind,314.92
O217790,Wrong Size,297.21
O225581,damaged,226.48
O212920,damaged,191.11
O220854,Wrong Size,332.11
O206584,not as described,341.78
O222234,wrong size,238.48
O218697,wrong size,218.0
O218296,damaged,26.94
O214367,late delivery,68.5
O211207,Wrong Size,135.85
O206076,nan,265.92
O212572,Wrong Size,341.54
O204692,damaged,342.72
O218376,late delivery,258.22
O225312,changed mind,287.07
O217584,damaged,228.75
O211045,Wrong Size,52.03
O217202,damaged,86.59
O214346,damaged,233.57
O216709,changed mind,186.24
O209262,nan,63.75
O203024,nan,34.91
O204349,Wrong Size,22.7
O205221,damaged,347.21
O204280,late delivery,315.71
O207306,not as described,67.14
O210269,late delivery,28.6
O208380,nan,238.51
O220804,late delivery,242.76
O221950,late delivery,327.85
O217667,not as described,227.04
O212122,nan,216.35
O205813,Wrong Size,234.91
O218364,changed mind,184.81
O210453,wrong size,191.28
O209123,not as described,148.27
O208977,changed mind,338.05
O219733,wrong size,107.28
O212415,damaged,71.22
O201402,Wrong Size,259.54
O207549,wrong size,91.34
O205298,changed mind,92.66
O218934,Wrong Size,298.89
O220370,wrong size,253.21
O213020,nan,334.4
O222544,damaged,257.24
O219952,late delivery,298.26
O219300,not as described,202.84
O201345,Wrong Size,89.56
O204560,late delivery,11.58
O202630,not as described,246.38
O217828,changed mind,302.45
O222447,damaged,213.68
O222004,not as described,216.86
O221850,nan,191.42
O217569,wrong size,259.22
O222283,damaged,115.55
O207259,late delivery,73.93
O222695,damaged,257.97
O206832,wrong size,305.74
O211536,not as described,101.7
O203615,Wrong Size,373.31
O207210,changed mind,76.23
O205889,not as described,203.87
O218556,late delivery,353.19
O223974,late delivery,29.69
O216604,nan,61.07
O225903,wrong size,191.94
O201386,nan,318.51
O217970,Wrong Size,117.44
O203705,damaged,265.33
O223942,changed mind,10.04
O217605,late delivery,208.82
O210759,nan,169.12
O205428,wrong size,196.67
O207868,changed mind,41.82
O201510,damaged,132.38
O220095,changed mind,64.61
O211185,changed mind,63.98
O224152,damaged,389.16
O220480,nan,370.95
O205662,not as described,248.11
O223384,wrong size,300.28
O212485,Wrong Size,295.59
O222594,nan,34.63
O220310,Wrong Size,250.74
O206612,not as described,59.44
O201305,nan,245.88
O217244,late delivery,41.97
O219690,late delivery,157.92
O209298,damaged,271.78
O220803,Wrong Size,92.98
O203606,late delivery,244.94
O205924,damaged,47.29
O208787,damaged,119.41
O224700,not as described,283.92
O200809,changed mind,59.52
O203419,late delivery,375.78
O218662,Wrong Size,278.17
O214504,Wrong Size,396.65
O217554,changed mind,12.16
O218918,wrong size,89.77
O219717,damaged,328.39
O203626,nan,134.09
O204561,nan,86.22
O211128,not as described,106.95
O219679,not as described,61.68
O220869,not as described,359.44
O204613,damaged,137.96
O200334,Wrong Size,366.18
O216288,not as described,371.64
O214094,wrong size,148.01
O200701,Wrong Size,257.41
O201902,damaged,269.62
O211635,damaged,241.99
O215428,not as described,252.4
O209663,Wrong Size,165.18
O224064,changed mind,399.58
O217281,damaged,17.62
O217075,late delivery,129.85
O216714,late delivery,123.56
O225288,not as described,245.37
O221715,nan,327.73
O211562,late delivery,237.24
O206681,wrong size,23.51
O220610,damaged,47.27
O211554,late delivery,347.4
O222606,wrong size,67.47
O205634,Wrong Size,314.43
O219801,Wrong Size,108.66
O211755,Wrong Size,324.52
O205186,wrong size,323.71
O203052,damaged,169.17
O222149,late delivery,365.07
O219380,changed mind,109.42
O208961,damaged,109.43
O225656,nan,278.66
O220196,nan,302.79
O212956,wrong size,102.39
O217237,nan,58.95
O217200,changed mind,113.98
O220309,late delivery,226.17
O210449,changed mind,28.52
O217633,not as described,270.31
O216513,not as described,218.07
O208447,changed mind,105.19
O223208,changed mind,62.6
O220591,not as described,70.36
O213867,damaged,95.21
O203239,Wrong Size,140.04
O219457,not as described,176.09
O212390,Wrong Size,56.82
O208627,not as described,50.0
O217425,wrong size,39.35
O207599,not as described,126.55
O200346,changed mind,47.01
O216944,nan,300.57
O201006,late delivery,333.42
O211560,damaged,66.53
O200494,nan,61.88
O220365,late delivery,81.52
O204748,late delivery,84.88
O221392,damaged,221.6
O211019,changed mind,281.93
O201791,wrong size,302.44
O202357,wrong size,307.82
O209095,changed mind,135.02
O209978,damaged,240.49
O219860,Wrong Size,371.23
O223750,late delivery,107.75
O203700,Wrong Size,94.95
O211604,wrong size,253.82
O217812,damaged,51.75
O225819,Wrong Size,350.69
O202098,wrong size,95.88
O204558,wrong size,351.32
O224913,nan,243.88
O218266,changed mind,33.16
O202618,nan,262.17
O220282,not as described,221.41
O225580,late delivery,92.03
O211966,late delivery,161.19
O222612,nan,250.73
O206785,Wrong Size,320.57
O209855,changed mind,348.05
O207133,late delivery,13.59
O200768,wrong size,28.12
O209015,wrong size,34.15
O211894,changed mind,236.27
O210324,wrong size,277.52
O200931,late delivery,49.76
O213435,late delivery,352.03
O201761,not as described,72.78
O217373,wrong size,148.49
O217556,not as described,109.87
O212583,wrong size,206.82
O207097,Wrong Size,145.02
O209504,damaged,184.17
O224562,late delivery,283.96
O208018,Wrong Size,98.99
O219533,Wrong Size,176.74
O200636,changed mind,62.9
O213048,not as described,11.83
O209479,changed mind,253.71
O215734,changed mind,396.18
O218476,nan,387.35
O200979,changed mind,146.34
O225359,Wrong Size,110.05
O218673,wrong size,182.86
O225596,damaged,394.38
O218056,Wrong Size,373.34
O223708,late delivery,390.56
O210643,damaged,178.4
O223977,wrong size,339.01
O205700,not as described,315.14
O211540,nan,287.82
O200487,nan,263.91
O217159,Wrong Size,314.91
O219951,changed mind,196.62
O224515,nan,60.54
O211770,damaged,287.31
O211320,changed mind,306.68
O216447,nan,282.19
O207046,damaged,178.59
O223087,wrong size,126.73
O221635,Wrong Size,108.39
O223149,wrong size,52.24
O224502,nan,283.6
O220646,late delivery,305.57
O204207,nan,203.88
O200633,damaged,67.7
O217560,changed mind,357.66
O216364,changed mind,66.32
O201870,changed mind,303.87
O203689,changed mind,211.25
O214729,wrong size,61.94
O212386,nan,376.01
O204288,Wrong Size,360.7
O225523,changed mind,253.75
O211254,wrong size,103.75
O218674,not as described,169.4
O219629,damaged,172.69
O205708,wrong size,88.2
O205914,not as described,118.69
O222726,wrong size,293.3
O211641,wrong size,359.89
O210795,damaged,188.43
O211708,not as described,384.52
O204298,nan,238.3
O211110,Wrong Size,318.55
O214303,wrong size,395.84
O215551,Wrong Size,204.51
O202055,wrong size,27.83
O208804,nan,135.93
O220702,damaged,143.17
O206644,damaged,263.55
O216180,Wrong Size,257.45
O203652,changed mind,174.96
O205442,nan,252.13
O209889,changed mind,181.2
O207379,damaged,254.94
O220929,changed mind,381.37
O206540,nan,107.22
O225591,wrong size,319.14
O221986,not as described,376.39
O218512,wrong size,49.38
O221245,not as described,29.2
O201959,wrong size,69.96
O206580,nan,391.0
O222034,damaged,20.75
O218800,changed mind,79.94
O221052,not as described,36.23
O201408,late delivery,109.86
O212582,Wrong Size,365.27
O204978,damaged,377.79
O210719,changed mind,336.48
O223232,Wrong Size,177.48
O200552,changed mind,78.89
O225597,late delivery,98.08
O206698,Wrong Size,187.33
O204076,nan,288.82
O219737,wrong size,133.71
O205122,changed mind,177.64
O202171,damaged,101.49
O207116,wrong size,121.72
O224220,changed mind,393.17
O222531,Wrong Size,367.76
O203942,Wrong Size,372.56
O206343,not as described,290.99
O216788,late delivery,128.6
O203181,damaged,255.4
O222101,not as described,188.83
O225703,damaged,281.03
O220730,late delivery,297.06
O200858,changed mind,256.27
O213036,damaged,187.41
O207318,changed mind,302.52
O225262,changed mind,44.73
O213913,wrong size,332.2
O219695,nan,44.9
O207994,Wrong Size,367.19
O218664,Wrong Size,279.94
O214609,wrong size,189.27
O210843,damaged,19.55
O212389,damaged,71.89
O221511,changed mind,286.92
O221388,nan,47.86
O210021,not as described,35.47
O224491,wrong size,249.32
O218213,Wrong Size,232.06
O211951,nan,297.74
O205936,not as described,340.29
O224336,wrong size,393.5
O220229,not as described,387.29
O220708,Wrong Size,254.52
O221764,changed mind,292.83
O215972,nan,70.45
O214436,damaged,328.93
O207276,wrong size,248.83
O214846,wrong size,239.54
O214414,late delivery,36.9
O212684,changed mind,58.43
O203128,changed mind,90.82
O207413,damaged,93.3
O213153,not as described,218.47
O202856,nan,320.39
O222862,nan,161.05
O222296,changed mind,238.72
O209649,Wrong Size,128.49
O206228,damaged,251.08
O216159,not as described,102.26
O207517,nan,371.89
O204528,wrong size,161.46
O212166,Wrong Size,179.08
O213731,changed mind,164.5
O216655,nan,368.12
O223227,late delivery,96.62
O214068,late delivery,245.26
O218633,nan,386.24
O210787,damaged,383.97
O200919,wrong size,12.84
O208825,Wrong Size,332.1
O203105,Wrong Size,13.81
O200715,late delivery,322.69
O202251,damaged,27.66
O208444,wrong size,359.25
O215565,wrong size,78.77
O204081,late delivery,195.95
O218067,late delivery,155.24
O213285,damaged,291.23
O206444,nan,382.88
O218013,late delivery,180.44
O203917,not as described,36.21
O206622,changed mind,316.81
O209782,changed mind,139.78
O224953,wrong size,308.05
O207997,damaged,35.42
O223551,not as described,356.73
O204195,nan,123.25
O205033,Wrong Size,147.44
O224459,damaged,147.5
O203546,changed mind,292.64
O208546,not as described,188.96
O211326,wrong size,17.1
O212939,Wrong Size,10.86
O201553,not as described,342.48
O224660,damaged,256.51
O200021,late delivery,353.96
O223892,nan,94.56
O204163,damaged,316.9
O215900,damaged,385.58
O203156,wrong size,381.67
O204642,changed mind,120.7
O209553,not as described,371.47
O205458,late delivery,282.26
O203240,late delivery,229.89
O202900,damaged,18.54
O214168,changed mind,358.65
O215316,changed mind,61.34
O219661,late delivery,13.95
O206914,late delivery,250.37
O205173,Wrong Size,50.14
O203269,damaged,256.65
O211317,not as described,365.46
O202989,wrong size,230.95
O205163,damaged,41.98
O222629,not as described,396.42
O217430,late delivery,107.44
O203816,nan,335.14
O207785,changed mind,179.52
O218426,nan,170.53
O205283,wrong size,380.63
O224735,changed mind,357.36
O221651,not as described,397.15
O211377,Wrong Size,13.62
O218031,damaged,126.84
O222591,not as described,380.62
O213806,Wrong Size,153.16
O207461,damaged,76.14
O206531,Wrong Size,334.29
O207670,wrong size,148.11
O208858,changed mind,287.4
O202010,Wrong Size,19.32
O201880,wrong size,205.93
O207662,not as described,377.25
O224325,wrong size,257.0
O224750,late delivery,235.41
O221700,late delivery,230.5
O211805,wrong size,69.96
O219316,changed mind,305.49
O203263,Wrong Size,285.53
O220431,late delivery,371.29
O221187,late delivery,365.1
O212549,nan,24.18
O204578,late delivery,272.82
O202643,changed mind,306.44
O215954,wrong size,286.1
O207633,nan,235.02
O210980,wrong size,36.33
O206442,Wrong Size,97.19
O204086,changed mind,285.54
O209692,damaged,42.04
O215479,Wrong Size,44.45
O219420,late delivery,190.55
O208621,wrong size,312.72
O200244,wrong size,287.51
O219918,late delivery,260.98
O211732,wrong size,41.43
O220324,nan,124.34
O222064,wrong size,229.98
O207058,Wrong Size,323.89
O216692,not as described,308.85
O212551,damaged,239.42
O205716,wrong size,12.67
O213456,not as described,332.54
O202300,nan,44.32
O216125,not as described,258.32
O214123,late delivery,157.13
O220124,damaged,359.04
O219634,changed mind,127.37
O216993,nan,333.01
O207310,late delivery,247.24
O221289,Wrong Size,388.31
O218558,nan,101.32
O218671,nan,361.53
O217778,nan,145.68
O214131,late delivery,329.32
O213652,changed mind,292.32
O200626,late delivery,299.3
O203287,late delivery,164.18
O217653,nan,203.8
O201230,not as described,24.02
O224164,late delivery,120.97
O210872,late delivery,17.41
O214124,changed mind,204.92
O201292,late delivery,201.02
O215273,damaged,69.55
O206124,late delivery,175.51
O225898,not as described,272.78
O225779,changed mind,209.94
O212918,damaged,28.89
O211711,damaged,334.29
O211382,wrong size,205.78
O216776,changed mind,20.02
O217313,not as described,251.13
O208457,Wrong Size,186.9
O208051,nan,236.46
O200921,late delivery,125.89
O217095,nan,370.92
O218877,Wrong Size,136.02
O219004,damaged,56.41
O216536,nan,312.92
O205895,changed mind,275.63
O214258,not as described,341.48
O206212,Wrong Size,266.21
O209324,Wrong Size,390.65
O214822,late delivery,166.58
O225915,late delivery,371.16
O224975,damaged,314.36
O216357,Wrong Size,381.01
O222779,changed mind,39.81
O203834,wrong size,313.22
O221394,late delivery,62.66
O205094,Wrong Size,300.19
O217090,Wrong Size,379.35
O215437,damaged,293.87
O218816,not as described,234.6
O203772,late delivery,140.28
O202687,nan,60.97
O222295,Wrong Size,350.92
O209891,Wrong Size,105.68
O220217,wrong size,73.92
O218992,changed mind,22.67
O223100,late delivery,356.39
O201626,not as described,62.63
O219907,wrong size,346.82
O210009,late delivery,16.05
O217087,changed mind,149.48
O211478,nan,33.88
O225902,damaged,283.74
O207092,damaged,186.86
O206859,damaged,203.31
O214644,wrong size,32.09
O225866,nan,54.7
O220810,not as described,129.24
O217957,damaged,18.45
O215430,not as described,126.59
O210420,not as described,314.6
O201846,Wrong Size,306.49
O223310,damaged,243.82
O203458,late delivery,350.29
O220956,nan,185.85
O223984,changed mind,248.49
O207745,nan,114.3
O207377,not as described,257.36
O219461,not as described,171.91
O223244,late delivery,182.15
O221470,wrong size,112.33
O215728,not as described,263.23
O220794,late delivery,18.2
O214551,Wrong Size,332.23
O225028,changed mind,62.0
O211327,changed mind,59.54
O212554,nan,345.61
O213417,Wrong Size,298.09
O223632,changed mind,244.02
O213225,changed mind,35.44
O207542,changed mind,48.87
O213962,wrong size,44.07
O220889,late delivery,95.21
O220328,damaged,100.2
O217117,late delivery,135.13
O221708,damaged,291.11
O206074,late delivery,62.64
O217625,wrong size,260.99
O203304,damaged,351.48
O224351,late delivery,17.04
O204409,Wrong Size,313.79
O214747,nan,391.96
O202815,late delivery,55.07
O206717,wrong size,303.04
O224579,changed mind,130.95
O212504,Wrong Size,172.65
O202431,nan,170.17
O222553,late delivery,194.01
O220525,wrong size,182.79
O200766,not as described,18.76
O207792,not as described,52.52
O220761,Wrong Size,331.87
O224527,Wrong Size,298.6
O220698,changed mind,78.88
O204504,not as described,133.81
O206211,wrong size,123.34
O209296,changed mind,369.08
O214909,wrong size,65.71
O225896,changed mind,37.32
O223549,late delivery,189.17
O216375,changed mind,278.66
O213389,late delivery,207.94
O222068,Wrong Size,115.63
O201383,nan,29.14
O216744,damaged,298.66
O208817,nan,254.73
O213800,late delivery,97.61
O206491,late delivery,192.15
O222680,changed mind,14.22
O206329,nan,346.54
O201044,damaged,363.04
O220617,not as described,121.1
O221782,late delivery,84.55
O214643,nan,340.9
O204672,not as described,27.44
O213811,nan,269.54
O222089,changed mind,247.37
O201068,Wrong Size,262.84
O221994,wrong size,385.31
O208326,late delivery,363.15
O204014,late delivery,343.18
O200076,Wrong Size,320.37
O219565,changed mind,175.36
O212329,nan,282.93
O212287,wrong size,387.08
O219025,not as described,332.2
O212120,not as described,78.04
O205618,not as described,229.81
O205963,Wrong Size,36.66
O219660,late delivery,287.14
O203468,damaged,254.94
O212624,damaged,24.84
O201103,changed mind,246.01
O218203,damaged,210.74
O223482,not as described,164.39
O209832,nan,239.5
O214189,not as described,215.69
O222301,late delivery,84.08
O211238,damaged,234.42
O220977,changed mind,179.25
O224435,late delivery,362.97
O216612,wrong size,156.57
O221695,damaged,205.79
O203993,damaged,360.85
O205531,damaged,256.55
O213746,damaged,71.49
O215353,changed mind,249.37
O222838,wrong size,79.23
O218469,Wrong Size,60.83
O218882,late delivery,242.64
O201973,not as described,302.76
O210397,late delivery,365.6
O217594,not as described,123.65
O201100,wrong size,175.57
O218656,changed mind,54.17
O225079,Wrong Size,192.21
O205661,not as described,276.72
O224132,nan,361.7
O200738,Wrong Size,391.4
O219901,late delivery,212.71
O207905,changed mind,190.9
O208430,wrong size,367.28
O202642,late delivery,135.58
O201327,damaged,98.3
O213340,late delivery,61.84
O216446,not as described,134.91
O225723,late delivery,139.78
O201932,Wrong Size,111.17
O211027,nan,364.85
O207284,Wrong Size,356.49
O210239,nan,276.61
O220516,nan,318.06
O200275,wrong size,148.42
O205267,nan,193.01
O217897,changed mind,204.9
O203444,not as described,84.71
O220760,Wrong Size,241.84
O205303,not as described,317.34
O219936,changed mind,263.8
O218388,not as described,237.5
O208303,late delivery,295.24
O200488,Wrong Size,317.22
O214181,nan,259.44
O208979,damaged,367.52
O215196,wrong size,91.85
O202494,not as described,10.51
O213067,Wrong Size,295.92
O216730,wrong size,296.45
O211810,not as described,202.44
O203985,changed mind,133.75
O206871,not as described,251.66
O216881,not as described,240.64
O208731,not as described,303.44
O222067,changed mind,291.06
O215815,nan,189.1
O204183,nan,119.71
O207767,nan,242.94
O201615,not as described,196.92
O223169,damaged,235.47
O204417,Wrong Size,96.77
O201061,wrong size,282.6
O200677,damaged,183.84
O205766,Wrong Size,185.96
O201694,nan,345.94
O212681,changed mind,192.14
O213830,changed mind,33.03
O215975,changed mind,269.4
O225463,damaged,319.51
O215985,wrong size,281.39
O221307,changed mind,109.46
O206142,changed mind,241.61
O223250,wrong size,323.35
O201975,not as described,132.36
O213999,nan,142.94
O223148,wrong size,373.94
O211838,late delivery,200.11
O218472,late delivery,268.9
O215392,not as described,77.9
O221189,changed mind,378.52
O206558,damaged,51.6
O204215,wrong size,63.24
O218459,nan,189.98
O225797,changed mind,237.43
O218668,changed mind,66.15
O204767,not as described,194.83
O211811,wrong size,278.45
O219064,wrong size,193.27
O207398,nan,137.02
O214027,Wrong Size,18.84
O202890,nan,125.8
O212427,damaged,68.59
O210167,wrong size,344.74
O214212,damaged,65.13
O219619,Wrong Size,379.51
O203840,late delivery,14.69
O205369,damaged,317.56
O225072,late delivery,37.67
O201512,Wrong Size,330.09
O203748,changed mind,174.51
O205317,Wrong Size,102.0
O208143,nan,51.42
O204577,changed mind,54.3
O207032,changed mind,320.74
O219460,not as described,230.17
O223697,damaged,307.25
O210565,changed mind,149.15
O202005,late delivery,169.39
O222982,Wrong Size,199.87
O207675,damaged,347.77
O220239,not as described,178.5
O216825,late delivery,213.22
O213876,changed mind,95.35
O210411,wrong size,217.64
O218782,late delivery,159.05
O224280,Wrong Size,190.82
O220765,late delivery,110.21
O225950,damaged,287.97
O203584,wrong size,10.51
O212545,nan,201.44
O205699,nan,368.16
O223421,late delivery,381.67
O216858,not as described,199.47
O204644,Wrong Size,242.13
O210109,not as described,304.61
O224537,not as described,208.58
O201269,damaged,80.73
O201431,changed mind,114.7
O212535,Wrong Size,249.51
O224264,late delivery,127.23
O214984,late delivery,354.82
O211726,nan,73.43
O204366,changed mind,96.26
O221160,late delivery,339.38
O208487,Wrong Size,186.39
O216148,not as described,179.56
O219409,damaged,163.53
O212082,nan,241.47
O202458,damaged,88.3
O212316,not as described,60.92
O201549,late delivery,302.09
O225853,damaged,143.15
O223346,nan,304.15
O214156,wrong size,215.01
O220649,not as described,381.04
O217285,wrong size,346.15
O211802,Wrong Size,51.05
O212431,late delivery,134.99
O208846,nan,168.55
O216973,wrong size,243.59
O225491,Wrong Size,116.58
O223287,nan,171.33
O211887,changed mind,47.41
O211975,nan,239.17
O200177,changed mind,41.67
O222219,not as described,87.48
O221783,damaged,342.3
O203420,changed mind,122.31
O210344,Wrong Size,102.96
O219589,late delivery,200.53
O203531,Wrong Size,298.5
O209489,not as described,76.08
O207731,damaged,322.73
O217796,Wrong Size,259.89
O211993,not as described,166.73
O201458,damaged,164.86
O215592,wrong size,38.48
O210827,wrong size,135.09
O203945,Wrong Size,239.07
O221916,late delivery,141.63
O211752,not as described,30.96
O223060,Wrong Size,130.05
O224556,changed mind,268.69
O224134,late delivery,181.41
O212098,late delivery,380.71
O208652,wrong size,36.32
O202603,late delivery,20.55
O225725,nan,77.99
O219204,wrong size,297.6
O221833,nan,223.1
O201713,wrong size,166.46
O216304,late delivery,347.28
O221297,nan,63.39
O213553,nan,313.25
O220696,Wrong Size,319.35
O210812,wrong size,265.08
O207809,nan,280.56
O206350,nan,148.28
O218829,late delivery,253.03
O220115,Wrong Size,275.27
O207363,nan,331.74
O202235,changed mind,56.72
O221566,nan,393.92
O222355,wrong size,242.2
O211987,nan,370.14
O205159,nan,375.05
O201203,damaged,256.76
O205492,changed mind,284.14
O206703,wrong size,46.49
O201696,wrong size,333.71
O205219,changed mind,44.09
O211709,late delivery,384.33
O225732,not as described,45.88
O205844,not as described,299.35
O225342,late delivery,12.54
O208296,wrong size,56.54
O215492,changed mind,315.62
O224694,not as described,151.61
O225403,changed mind,356.83
O205593,late delivery,268.86
O206795,changed mind,337.66
O219144,changed mind,137.28
O201974,damaged,260.44
O204846,not as described,124.56
O207103,damaged,122.66
O213593,Wrong Size,272.9
O225228,damaged,268.25
O212291,late delivery,26.76
O217162,nan,216.19
O224716,damaged,325.26
O221569,changed mind,335.87
O225045,not as described,252.09
O210471,late delivery,306.95
O212284,changed mind,141.68
O221730,nan,341.7
O224030,Wrong Size,196.88
O213412,wrong size,28.23
O222774,damaged,73.14
O208195,wrong size,82.25
O201558,not as described,266.05
O223576,late delivery,25.48
O218862,late delivery,36.2
O211100,nan,162.36
O205248,changed mind,67.82
O207863,nan,163.06
O223893,nan,398.84
O210146,wrong size,326.74
O218824,nan,215.48
O207629,damaged,154.55
O203565,wrong size,354.57
O218302,Wrong Size,151.98
O224944,nan,193.06
O225116,changed mind,253.85
O201106,nan,180.57
O200597,changed mind,180.4
O223732,not as described,120.1
O225595,nan,351.4
O201476,nan,138.2
O219890,late delivery,344.09
O205141,wrong size,270.0
O219813,wrong size,236.01
O224477,damaged,181.72
O217916,damaged,385.96
O223507,not as described,219.59
O201796,wrong size,145.62
O209008,Wrong Size,360.92
O203497,Wrong Size,355.56
O215227,late delivery,309.6
O220258,wrong size,219.76
O225042,changed mind,60.93
O213675,nan,301.51
O218080,wrong size,44.93
O209844,wrong size,330.21
O210801,late delivery,123.47
O204259,Wrong Size,78.61
O210706,late delivery,312.67
O207084,damaged,340.29
O211648,wrong size,298.6
O219491,damaged,22.13
O217598,not as described,304.8
O204616,nan,298.12
O204085,changed mind,318.77
O218416,late delivery,174.96
O223226,wrong size,315.81
O211606,changed mind,117.19
O225578,late delivery,352.07
O214943,not as described,144.42
O204010,changed mind,154.4
O220225,changed mind,97.98
O200228,nan,37.35
O225551,Wrong Size,265.87
O201888,Wrong Size,99.18
O203113,wrong size,377.09
O216766,not as described,253.75
O218658,not as described,185.8
O211498,not as described,352.16
O203079,late delivery,128.62
O210833,Wrong Size,56.88
O201532,wrong size,130.17
O203919,not as described,315.15
O220194,damaged,218.29
O218310,changed mind,208.26
O215613,nan,34.49
O206860,changed mind,126.79
O201539,not as described,80.75
O222733,wrong size,17.89
O206598,not as described,60.02
O202647,not as described,11.98
O208984,changed mind,379.59
O225766,Wrong Size,183.79
O203969,Wrong Size,319.88
O216922,late delivery,167.15
O214440,damaged,20.37
O208891,not as described,126.76
O210851,late delivery,372.78
O202128,not as described,257.9
O207086,damaged,360.95
O211960,nan,94.48
O206176,not as described,179.67
O215547,changed mind,358.15
O215452,late delivery,107.72
O223956,late delivery,195.57
O200028,nan,327.71
O222066,damaged,268.12
O205763,nan,242.88
O200049,damaged,12.83
O218272,wrong size,115.59
O206694,not as described,220.06
O202700,Wrong Size,117.57
O213486,not as described,380.83
O206669,not as described,18.24
O202872,nan,44.63
O211475,Wrong Size,69.14
O215084,Wrong Size,202.37
O215823,not as described,393.24
O221690,Wrong Size,327.15
O210820,late delivery,291.74
O221499,nan,173.48
O217031,wrong size,254.04
O203303,wrong size,73.83
O208152,not as described,179.49
O216167,not as described,310.72
O203863,late delivery,121.59
O208597,late delivery,222.65
O219910,damaged,254.07
O205282,late delivery,39.97
O207343,wrong size,182.98
O225805,not as described,295.15
O207683,nan,194.45
O215502,nan,290.09
O219262,damaged,242.03
O202691,wrong size,231.09
O214854,not as described,253.07
O223344,wrong size,284.64
O214601,wrong size,281.37
O200841,nan,291.85
O200336,damaged,109.14
O201579,damaged,10.93
O206624,changed mind,152.58
O210352,late delivery,77.86
O214899,not as described,244.96
O201095,late delivery,55.57
O217774,damaged,256.24
O219620,not as described,45.91
O220418,nan,223.34
O223747,late delivery,51.44
O223968,not as described,216.61
O221578,damaged,382.19
O215254,not as described,344.82
O204467,nan,106.2
O221080,nan,247.9
O220865,wrong size,186.73
O212937,damaged,77.65
O212973,nan,314.84
O216287,damaged,143.99
O222665,damaged,225.95
O215073,not as described,206.61
O208236,Wrong Size,324.04
O204524,damaged,177.69
O200993,Wrong Size,172.91
O200400,nan,368.9
O218952,changed mind,203.86
O206520,damaged,185.54
O224218,wrong size,259.96
O200755,late delivery,326.48
O207884,wrong size,176.47
O203676,changed mind,296.01
O208943,damaged,66.88
O207697,not as described,207.53
O200084,nan,377.66
O210186,not as described,205.66
O213287,not as described,257.76
O204108,damaged,69.96
O200675,wrong size,224.48
O219653,late delivery,126.2
O201286,Wrong Size,210.27
O204269,changed mind,101.61
O213737,changed mind,395.81
O202835,wrong size,335.03
O202493,not as described,109.68
O214488,nan,288.12
O216805,wrong size,200.68
O215185,not as described,60.91
O210050,late delivery,219.55
O213930,Wrong Size,346.82
O215648,damaged,134.47
O214915,Wrong Size,347.31
O222052,Wrong Size,19.46
O223615,nan,64.32
O206497,wrong size,303.4
O202731,late delivery,93.7
O207908,late delivery,165.47
O219921,changed mind,24.15
O206608,damaged,266.65
O223479,Wrong Size,83.76
O207419,late delivery,181.44
O216161,nan,76.6
O213669,damaged,184.85
O219732,damaged,65.91
O200775,Wrong Size,292.42
O216928,wrong size,232.27
O201135,nan,389.22
O208237,not as described,55.54
O203405,Wrong Size,88.67
O214784,late delivery,284.04
O204411,nan,106.51
O217377,changed mind,322.62
O215501,wrong size,251.75
O210852,changed mind,168.59
O225446,Wrong Size,218.49
O201307,Wrong Size,52.11
O200603,wrong size,261.64
O201426,wrong size,175.66
O202364,wrong size,29.85
O200721,Wrong Size,246.64
O206685,changed mind,18.84
O200870,changed mind,150.17
O215163,late delivery,374.57
O220419,Wrong Size,28.98
O202015,Wrong Size,194.61
O201521,nan,302.92
O211476,not as described,128.07
O210085,changed mind,381.27
O201484,changed mind,202.71
O201030,late delivery,248.15
O219674,damaged,20.93
O220327,nan,238.72
O206667,nan,142.62
O220875,changed mind,82.83
O212388,Wrong Size,296.67
O201805,damaged,218.42
O202929,wrong size,111.24
O205581,not as described,136.34
O215282,nan,38.1
O211025,not as described,259.56
O216197,Wrong Size,313.41
O201214,changed mind,66.55
O210235,damaged,342.2
O209177,wrong size,329.29
O221972,nan,157.07
O201232,damaged,184.74
O205363,not as described,44.66
O200964,nan,378.35
O225040,not as described,263.15
O223809,late delivery,335.05
O211698,damaged,259.87
O222459,nan,195.49
O221919,wrong size,366.14
O221206,late delivery,95.78
O209593,nan,219.72
O212444,damaged,336.44
O204806,wrong size,88.04
O202798,wrong size,366.34
O219920,late delivery,180.01
O203197,late delivery,257.79
O215762,late delivery,108.05
O201357,not as described,135.2
O221009,Wrong Size,48.08
O208356,changed mind,304.24
O202986,nan,92.78
O219257,Wrong Size,56.71
O225948,changed mind,302.09
O201174,not as described,41.34
O200498,late delivery,186.85
O219421,wrong size,15.44
O221867,not as described,339.97
O205596,Wrong Size,204.74
O208939,changed mind,50.87
O216942,wrong size,171.95
O223834,late delivery,299.22
O200008,not as described,33.3
O218276,Wrong Size,232.11
O213972,late delivery,206.1
O214078,wrong size,328.24
O216418,nan,244.44
O201052,Wrong Size,159.34
O223446,not as described,205.38
O208402,not as described,298.94
O220241,wrong size,48.29
O213273,Wrong Size,208.13
O209754,damaged,187.12
O216241,wrong size,99.89
O220488,nan,72.24
O222652,not as described,185.77
O219722,late delivery,32.66
O205088,late delivery,38.44
O222673,nan,120.22
O217330,damaged,95.42
O220425,wrong size,127.39
O201256,late delivery,269.51
O208573,Wrong Size,20.53
O217417,late delivery,307.35
O210617,nan,143.51
O215671,changed mind,390.62
O200805,damaged,265.11
O210925,changed mind,254.66
O218009,late delivery,44.68
O215983,late delivery,333.63
O202645,wrong size,180.68
O201603,not as described,373.96
O213838,changed mind,39.82
O204603,wrong size,210.85
O218757,wrong size,183.05
O214464,changed mind,165.54
O224067,Wrong Size,75.54
O219794,late delivery,347.96
O215998,wrong size,176.65
O220940,Wrong Size,275.61
O217004,Wrong Size,353.11
O200155,Wrong Size,236.93
O205607,nan,255.38
O208833,nan,353.27
O203043,changed mind,380.12
O211261,Wrong Size,256.94
O204819,changed mind,106.65
O217558,nan,73.68
O211573,changed mind,150.73
O211715,damaged,244.27
O224104,wrong size,40.29
O218074,late delivery,16.13
O205677,late delivery,174.46
O216998,not as described,374.23
O222298,wrong size,172.55
O214720,Wrong Size,396.76
O212043,nan,228.97
O206156,damaged,61.77
O209191,damaged,239.51
O224416,wrong size,68.34
O211169,late delivery,213.69
O209100,nan,77.77
O206649,nan,381.79
O215203,damaged,141.82
O208674,wrong size,393.62
O218498,late delivery,315.97
O218647,Wrong Size,333.75
O214490,changed mind,342.37
O213004,damaged,237.29
O204586,wrong size,196.5
O208256,not as described,91.51
O220188,wrong size,164.0
O204376,damaged,394.42
O212158,damaged,295.25
O209956,Wrong Size,313.05
O209157,not as described,126.63
O213042,Wrong Size,141.49
O212209,Wrong Size,311.94
O220161,nan,120.88
O219710,damaged,312.45
O223285,changed mind,100.34
O220139,nan,315.46
O217983,not as described,372.11
O219729,not as described,20.43
O221562,changed mind,345.03
O215835,late delivery,375.07
O222182,late delivery,61.07
O222547,late delivery,74.52
O215599,nan,47.6
O211300,wrong size,50.93
O201023,nan,169.98
O214768,not as described,292.37
O210414,Wrong Size,241.37
O217151,Wrong Size,27.41
O208320,wrong size,324.58
O220230,wrong size,238.04
O200761,late delivery,185.78
O201496,damaged,244.59
O214448,not as described,119.02
O211787,Wrong Size,152.74
O224910,Wrong Size,101.56
O210527,damaged,329.49
O215383,changed mind,169.92
O206206,not as described,88.97
O223364,not as described,202.08
O204246,late delivery,38.99
O204783,wrong size,308.96
O212929,late delivery,117.79
O211390,not as described,187.11
O210640,wrong size,33.81
O225007,changed mind,97.62
O205839,late delivery,202.47
O219527,nan,253.1
O219088,nan,167.16
O218537,late delivery,217.23
O208035,changed mind,347.57
O201889,nan,361.3
O214528,late delivery,315.6
O200532,wrong size,27.84
O208869,Wrong Size,125.57
O201119,wrong size,70.55
O225607,damaged,263.61
O215256,Wrong Size,285.63
O211216,late delivery,277.91
O217988,wrong size,312.71
O224969,nan,110.64
O213906,nan,57.25
O214594,changed mind,189.35
O216866,nan,123.31
O218138,nan,358.43
O217146,late delivery,315.35
O206295,not as described,265.35
O206137,changed mind,13.87
O218050,late delivery,345.67
O204154,late delivery,328.25
O214963,damaged,222.22
O200465,late delivery,364.91
O215397,damaged,306.69
O217656,not as described,211.78
O223982,not as described,23.65
O211952,not as described,117.96
O201874,changed mind,221.2
O218627,not as described,79.8
O215166,nan,64.77
O215890,late delivery,152.22
O218544,damaged,80.64
O211614,changed mind,367.63
O206009,not as described,156.68
O211997,wrong size,306.65
O213949,damaged,175.24
O213008,damaged,226.7
O207271,nan,326.04
O209450,changed mind,268.72
O208062,not as described,53.59
O202778,late delivery,339.96
O209108,late delivery,203.39
O225914,changed mind,269.27
O221364,late delivery,305.66
O214596,Wrong Size,306.12
O219501,damaged,195.22
O218803,wrong size,237.38
O221282,not as described,367.53
O211793,Wrong Size,275.14
O215301,changed mind,390.66
O213526,Wrong Size,380.96
O201294,damaged,11.73
O220338,nan,185.3
O207049,nan,26.76
O214670,nan,95.01
O214810,not as described,248.25
O211348,changed mind,353.75
O211962,late delivery,112.44
O213286,not as described,182.43
O217993,wrong size,230.85
O218222,late delivery,51.04
O219083,wrong size,10.03
O211298,nan,318.17
O221926,not as described,279.55
O225520,damaged,98.91
O210878,not as described,10.73
O217834,damaged,198.22
O209128,wrong size,324.16
O208940,Wrong Size,222.91
O205643,damaged,129.19
O203155,Wrong Size,274.7
O200972,late delivery,367.47
O221754,late delivery,118.65
O205545,damaged,100.3
O204990,nan,34.66
O201969,damaged,361.74
O213143,late delivery,45.17
O222737,nan,133.29
O218572,nan,283.07
O219941,wrong size,346.15
O218360,damaged,200.41
O207354,not as described,331.61
O200798,not as described,207.87
O216505,late delivery,371.35
O211195,changed mind,334.79
O224204,wrong size,86.43
O224784,changed mind,111.73
O203391,wrong size,70.07
O217637,late delivery,57.5
O200509,nan,367.43
O220002,late delivery,31.41
O208156,damaged,274.42
O223755,Wrong Size,308.53
O224533,late delivery,43.29
O212306,wrong size,66.4
O220628,nan,224.74
O209186,not as described,254.72
O202094,late delivery,10.99
O211702,damaged,214.79
O205660,damaged,45.14
O217933,changed mind,380.0
O208394,Wrong Size,49.12
O209568,nan,326.09
O223775,late delivery,333.05
O220941,changed mind,347.33
O209037,nan,350.69
O221605,wrong size,251.96
O217721,wrong size,180.15
O205161,changed mind,363.9
O213955,changed mind,315.22
O210566,late delivery,250.9
O223945,late delivery,163.22
O207631,Wrong Size,382.65
O201341,wrong size,77.97
O205199,nan,359.29
O225278,late delivery,218.47
O212201,not as described,214.02
O207454,late delivery,95.15
O225426,nan,136.76
O201115,nan,165.84
O210866,wrong size,347.35
O220102,nan,227.78
O225371,late delivery,224.54
O209484,changed mind,222.07
O206126,changed mind,20.95
O216232,not as described,365.19
O216873,wrong size,343.42
O200226,Wrong Size,309.64
O205008,changed mind,280.56
O203434,nan,222.11
O213537,damaged,179.33
O215066,not as described,167.69
O218171,wrong size,48.23
O224690,Wrong Size,195.81
O218298,nan,323.85
O208592,nan,198.65
O223030,nan,225.75
O224745,not as described,118.16
O208582,late delivery,84.82
O210889,nan,314.86
O201737,wrong size,197.59
O211436,nan,16.02
O220673,not as described,300.92
O203070,changed mind,122.38
O204090,late delivery,225.31
O225054,late delivery,302.62
O213084,nan,22.34
O206349,nan,13.52
O217126,changed mind,33.51
O212853,changed mind,258.8
O209711,changed mind,281.77
O222944,damaged,129.23
O209575,late delivery,331.32
O215742,damaged,396.0
O215253,not as described,65.84
O219472,Wrong Size,327.43
O214201,damaged,254.05
O206490,damaged,305.88
O200332,late delivery,256.72
O204371,nan,330.83
O216235,not as described,181.26
O216740,late delivery,202.46
O222040,changed mind,42.0
O204182,wrong size,62.46
O205318,changed mind,97.95
O205833,not as described,22.07
O202613,wrong size,37.0
O211607,wrong size,320.65
O215483,changed mind,255.83
O220876,changed mind,88.75
O212709,damaged,324.36
O212003,changed mind,214.0
O201154,damaged,375.66
O212671,late delivery,332.44
O213601,not as described,229.68
O213877,wrong size,335.92
O220763,late delivery,172.94
O216713,changed mind,282.08
O208654,wrong size,67.33
O223619,changed mind,289.93
O212529,not as described,144.0
O218380,wrong size,263.06
O201665,nan,245.77
O213961,nan,386.41
O222569,Wrong Size,134.49
O225989,nan,67.88
O210031,not as described,277.07
O207120,damaged,156.5
O218530,nan,109.21
O208774,nan,73.79
O215376,nan,176.46
O216475,late delivery,385.68
O221841,Wrong Size,209.43
O215973,damaged,184.98
O205938,late delivery,334.81
O206868,Wrong Size,324.88
O214452,not as described,283.15
O214175,damaged,201.37
O210165,wrong size,339.04
O206315,wrong size,335.08
O207797,late delivery,157.1
O219643,wrong size,326.64
O223574,wrong size,391.33
O220395,Wrong Size,295.64
O214529,changed mind,248.89
O210039,damaged,29.99
O201348,nan,263.88
O218750,Wrong Size,292.21
O209202,nan,136.9
O222109,not as described,150.93
O213760,not as described,105.0
O210673,Wrong Size,204.94
O201385,Wrong Size,261.05
O208061,wrong size,68.98
O225250,late delivery,199.69
O207835,Wrong Size,279.92
O204566,Wrong Size,204.42
O203204,damaged,357.04
O208055,not as described,282.68
O211799,not as described,355.83
O210526,damaged,98.37
O211127,Wrong Size,47.55
O200644,damaged,174.43
O217415,wrong size,399.86
O222404,late delivery,240.52
O212463,changed mind,193.03
O211231,not as described,297.88
O209783,late delivery,171.93
O215423,late delivery,65.53
O214261,wrong size,196.42
O200034,late delivery,280.22
O212569,not as described,231.12
O222617,Wrong Size,42.79
O203146,Wrong Size,62.16
O220612,changed mind,243.4
O224135,damaged,380.3
O205532,Wrong Size,69.25
O212558,not as described,351.7
O213719,nan,217.68
O210790,Wrong Size,364.71
O223588,Wrong Size,299.76
O203693,nan,171.12
O217322,damaged,38.55
O225918,nan,375.53
O203854,not as described,226.2
O201629,wrong size,307.66
O214525,Wrong Size,250.14
O215380,changed mind,42.22
O207087,wrong size,80.01
O200712,not as described,187.82
O224460,wrong size,17.95
O209012,late delivery,138.58
O210746,nan,179.9
O217531,Wrong Size,10.77
O214153,not as described,227.63
O214651,Wrong Size,282.56
O205810,not as described,391.2
O212212,changed mind,334.79
O208050,damaged,89.85
O205041,nan,181.47
O206313,damaged,394.57
O203920,not as described,330.71
O200293,damaged,21.63
O208501,Wrong Size,157.51
O200503,damaged,96.59
O211519,wrong size,26.39
O223430,not as described,328.26
O210628,Wrong Size,39.41
O223695,damaged,94.03
O205121,wrong size,164.27
O211707,Wrong Size,297.97
O206633,wrong size,23.2
O209529,late delivery,315.44
O225184,changed mind,355.45
O213483,damaged,304.14
O215191,nan,329.79
O202904,nan,199.61
O217931,wrong size,57.48
O214273,not as described,196.71
O209963,not as described,266.94
O222870,not as described,133.38
O205957,wrong size,302.52
O201680,damaged,381.69
O212061,nan,163.2
O210927,nan,304.62
O216733,wrong size,352.54
O207704,not as described,178.83
O208541,changed mind,223.0
O220530,wrong size,278.65
O207057,damaged,152.94
O225251,late delivery,316.62
O200266,wrong size,166.91
O201439,wrong size,341.47
O217107,wrong size,167.21
O216255,nan,174.09
O225836,nan,370.59
O211735,late delivery,360.67
O212333,late delivery,376.88
O203002,nan,50.51
O202092,changed mind,233.3
O214445,wrong size,65.66
O212475,nan,202.94
O208713,not as described,193.34
O221744,changed mind,54.38
O207512,Wrong Size,14.32
O201987,late delivery,19.64
O203666,not as described,219.4
O206115,damaged,37.67
O222228,late delivery,175.57
O222426,nan,236.94
O224928,Wrong Size,68.81
O223653,damaged,154.78
O206375,changed mind,170.99
O217668,not as described,15.89
O213600,damaged,202.15
O205842,damaged,248.54
O201712,changed mind,301.33
O215722,changed mind,38.23
O215156,not as described,364.07
O200251,late delivery,393.94
O219275,not as described,55.25
O213631,nan,364.66
O225851,wrong size,72.56
O206692,wrong size,316.94
O219355,damaged,77.61
O208071,wrong size,341.82
O221265,nan,255.27
O212885,not as described,75.83
O221796,Wrong Size,180.81
O218819,wrong size,40.48
O212050,Wrong Size,85.0
O224889,Wrong Size,270.47
O203430,late delivery,42.05
O220442,nan,369.26
O210097,Wrong Size,88.27
O221271,nan,357.21
O202665,nan,366.33
O200348,not as described,279.91
O223332,Wrong Size,140.87
O205435,Wrong Size,179.76
O225737,changed mind,99.04
O217619,damaged,108.73
O202721,changed mind,221.5
O200529,wrong size,140.89
O221053,damaged,388.53
O209405,late delivery,397.59
O213250,Wrong Size,220.8
O217698,Wrong Size,146.73
O205790,late delivery,219.85
O222158,Wrong Size,72.1
O225830,not as described,251.59
O208554,not as described,266.96
O224300,changed mind,51.96
O207885,wrong size,235.87
O222498,late delivery,104.39
O215412,damaged,105.58
O214604,changed mind,348.68
O217927,wrong size,371.24
O219153,late delivery,229.41
O221727,Wrong Size,364.83
O216556,Wrong Size,44.97
O224007,wrong size,200.49
O210160,not as described,134.61
O220134,wrong size,246.43
O201738,Wrong Size,154.3
O221217,late delivery,165.9
O212001,late delivery,33.35
O214945,Wrong Size,51.21
O210500,Wrong Size,207.54
O222039,wrong size,312.79
O211232,nan,299.41
O211623,late delivery,117.1
O201651,late delivery,347.41
O224223,nan,210.21
O223410,wrong size,355.2
O206272,nan,56.89
O214417,damaged,99.14
O215817,late delivery,212.34
O224267,nan,61.64
O201253,not as described,239.45
O218241,Wrong Size,397.17
O218221,wrong size,175.43
O222795,wrong size,204.64
O207270,wrong size,194.12
O223664,changed mind,353.02
O221098,damaged,72.38
O214472,Wrong Size,183.03
O200732,not as described,358.92
O201641,changed mind,222.02
O205070,wrong size,331.57
O225793,changed mind,274.29
O202370,Wrong Size,321.91
O225034,not as described,147.93
O220930,late delivery,315.53
O214195,changed mind,301.28
O223180,changed mind,33.53
O200094,changed mind,85.47
O212842,changed mind,296.67
O223669,damaged,317.36
O213452,Wrong Size,202.48
O205631,late delivery,144.48
O220870,not as described,269.67
O203011,Wrong Size,248.08
O216891,wrong size,316.29
O211447,changed mind,348.3
O222729,nan,261.15
O211244,late delivery,284.99
O219953,Wrong Size,372.05
O224960,wrong size,46.03
O207690,not as described,42.62
O204213,not as described,327.83
O222302,nan,178.96
O203134,wrong size,196.67
O220459,changed mind,40.06
O216842,wrong size,125.47
O218149,late delivery,110.44
O201640,changed mind,298.57
O205819,Wrong Size,191.64
O207896,nan,300.81
O211189,changed mind,384.5
O224893,changed mind,70.57
O206712,changed mind,385.05
O223438,not as described,105.19
O211745,changed mind,365.34
O205953,nan,110.43
O221685,late delivery,341.25
O223820,not as described,362.24
O214752,changed mind,170.39
O201610,not as described,11.65
O222325,not as described,143.99
O225570,wrong size,236.88
O205066,not as described,81.09
O211998,damaged,88.04
O224770,Wrong Size,172.62
O208083,changed mind,81.61
O217410,wrong size,250.77
O205704,nan,343.84
O217141,not as described,252.02
O202059,late delivery,138.99
O214507,nan,223.81
O215458,nan,231.38
O207536,late delivery,397.74
O201564,damaged,324.86
O209458,changed mind,161.44
O219272,not as described,340.89
O212342,nan,131.79
O202240,wrong size,205.76
O220457,wrong size,267.01
O211289,wrong size,58.35
O203400,not as described,190.11
O203562,Wrong Size,188.13
O224008,late delivery,75.54
O205058,changed mind,258.14
O201403,not as described,97.72
O215280,not as described,290.93
O202346,not as described,382.35
O218433,changed mind,303.79
O210768,late delivery,42.58
O202906,nan,183.59
O218163,changed mind,301.77
O221668,Wrong Size,367.28
O225188,late delivery,150.93
O225097,damaged,239.58
O221246,wrong size,313.93
O224888,changed mind,307.82
O214577,Wrong Size,238.8
O220728,not as described,372.09
O218030,nan,397.54
O204765,nan,297.28
O223207,not as described,108.61
O221925,nan,153.39
O210929,damaged,172.02
O219932,late delivery,214.25
O202621,Wrong Size,66.57
O207900,not as described,260.78
O200017,nan,224.21
O201313,changed mind,104.42
O208707,changed mind,319.7
O225353,damaged,337.2
O211988,not as described,103.81
O220606,late delivery,63.65
O220487,Wrong Size,360.58
O223005,not as described,399.21
O217874,not as described,313.58
O217859,damaged,290.37
O222807,late delivery,302.19
O219267,damaged,154.77
O216437,Wrong Size,356.29
O223776,late delivery,176.88
O205500,late delivery,343.75
O219031,wrong size,14.51
O214435,changed mind,239.31
O221336,damaged,292.66
O215919,late delivery,281.62
O224547,late delivery,86.39
O220433,damaged,292.81
O221086,damaged,263.9
O217680,wrong size,172.9
O208173,wrong size,123.68
O224221,Wrong Size,307.64
O215943,Wrong Size,332.37
O225677,wrong size,65.42
O223351,late delivery,308.8
O221165,not as described,245.08
O203914,wrong size,72.37
O207981,changed mind,310.91
O218099,not as described,23.4
O218622,wrong size,303.93
O208834,wrong size,267.45
O217562,not as described,42.24
O216299,damaged,174.75
O222038,not as described,159.38
O212251,Wrong Size,252.46
O207733,changed mind,216.64
O207794,late delivery,32.62
O216708,wrong size,364.01
O217726,not as described,72.02
O217835,late delivery,248.92
O215778,Wrong Size,335.18
O225750,Wrong Size,16.27
