country,date,new_cases,new_deaths
United Kingdom,2020-03-01,755.0,14
United Kingdom,2020-03-02,,28
United Kingdom,2020-03-03,,19
United Kingdom,2020-03-04,1894.0,27
United Kingdom,2020-03-05,,31
United Kingdom,2020-03-06,1739.0,30
United Kingdom,2020-03-07,1049.0,21
United Kingdom,2020-03-08,1656.0,14
United Kingdom,2020-03-09,1817.0,18
United Kingdom,2020-03-10,1704.0,16
United Kingdom,2020-03-11,1048.0,26
United Kingdom,2020-03-12,1846.0,55
United Kingdom,2020-03-13,2053.0,60
United Kingdom,2020-03-14,2227.0,41
United Kingdom,2020-03-15,2028.0,49
United Kingdom,2020-03-16,,12
United Kingdom,2020-03-17,1948.0,25
United Kingdom,2020-03-18,2277.0,64
United Kingdom,2020-03-19,1865.0,23
United Kingdom,2020-03-20,2263.0,20
United Kingdom,2020-03-21,2026.0,32
United Kingdom,2020-03-22,2209.0,53
United Kingdom,2020-03-23,2416.0,71
United Kingdom,2020-03-24,2066.0,11
United Kingdom,2020-03-25,3029.0,63
United Kingdom,2020-03-26,2352.0,61
United Kingdom,2020-03-27,2430.0,61
United Kingdom,2020-03-28,2175.0,60
United Kingdom,2020-03-29,2411.0,51
United Kingdom,2020-03-30,2349.0,61
United Kingdom,2020-03-31,2062.0,31
United Kingdom,2020-04-01,2065.0,40
United Kingdom,2020-04-02,2561.0,47
United Kingdom,2020-04-03,2482.0,39
United Kingdom,2020-04-04,1836.0,29
United Kingdom,2020-04-05,1979.0,44
United Kingdom,2020-04-06,,21
United Kingdom,2020-04-07,2550.0,65
United Kingdom,2020-04-08,2738.0,62
United Kingdom,2020-04-09,2266.0,22
United Kingdom,2020-04-10,2753.0,37
United Kingdom,2020-04-11,2525.0,65
United Kingdom,2020-04-12,2478.0,38
United Kingdom,2020-04-13,2578.0,67
United Kingdom,2020-04-14,2875.0,43
United Kingdom,2020-04-15,2764.0,82
United Kingdom,2020-04-16,2850.0,42
United Kingdom,2020-04-17,2435.0,72
United Kingdom,2020-04-18,2537.0,37
United Kingdom,2020-04-19,2301.0,35
United Kingdom,2020-04-20,2453.0,22
United Kingdom,2020-04-21,2486.0,61
United Kingdom,2020-04-22,2457.0,17
United Kingdom,2020-04-23,2754.0,67
United Kingdom,2020-04-24,2665.0,46
United Kingdom,2020-04-25,2738.0,72
United Kingdom,2020-04-26,2556.0,52
United Kingdom,2020-04-27,2786.0,79
United Kingdom,2020-04-28,2516.0,44
United Kingdom,2020-04-29,2718.0,28
United Kingdom,2020-04-30,2575.0,72
United Kingdom,2020-05-01,2612.0,71
United Kingdom,2020-05-02,2377.0,61
United Kingdom,2020-05-03,2044.0,40
United Kingdom,2020-05-04,1962.0,22
United Kingdom,2020-05-05,2824.0,15
United Kingdom,2020-05-06,2383.0,60
United Kingdom,2020-05-07,2367.0,50
United Kingdom,2020-05-08,2175.0,34
United Kingdom,2020-05-09,2065.0,36
United Kingdom,2020-05-10,,71
United Kingdom,2020-05-11,1822.0,19
United Kingdom,2020-05-12,2062.0,11
United Kingdom,2020-05-13,2028.0,14
United Kingdom,2020-05-14,1707.0,50
United Kingdom,2020-05-15,1631.0,16
United Kingdom,2020-05-16,1739.0,51
United Kingdom,2020-05-17,1793.0,10
United Kingdom,2020-05-18,1714.0,37
United Kingdom,2020-05-19,2012.0,36
United Kingdom,2020-05-20,1448.0,25
United Kingdom,2020-05-21,1819.0,9
United Kingdom,2020-05-22,2054.0,39
United Kingdom,2020-05-23,1859.0,37
United Kingdom,2020-05-24,1283.0,33
United Kingdom,2020-05-25,763.0,19
United Kingdom,2020-05-26,,43
United Kingdom,2020-05-27,1576.0,10
United Kingdom,2020-05-28,1247.0,33
United Kingdom,2020-05-29,,30
United Kingdom,2020-05-30,1203.0,32
United Kingdom,2020-05-31,1291.0,35
United Kingdom,2020-06-01,946.0,6
United Kingdom,2020-06-02,1256.0,19
United Kingdom,2020-06-03,1014.0,17
United Kingdom,2020-06-04,950.0,19
United Kingdom,2020-06-05,1319.0,37
United Kingdom,2020-06-06,1048.0,6
United Kingdom,2020-06-07,556.0,11
United Kingdom,2020-06-08,1085.0,18
United Kingdom,2020-06-09,1080.0,9
United Kingdom,2020-06-10,600.0,13
United Kingdom,2020-06-11,673.0,15
United Kingdom,2020-06-12,749.0,5
United Kingdom,2020-06-13,,4
United Kingdom,2020-06-14,687.0,11
United Kingdom,2020-06-15,785.0,22
United Kingdom,2020-06-16,448.0,11
United Kingdom,2020-06-17,1084.0,23
United Kingdom,2020-06-18,316.0,4
United Kingdom,2020-06-19,,9
United Kingdom,2020-06-20,948.0,15
United Kingdom,2020-06-21,1024.0,8
United Kingdom,2020-06-22,,7
United Kingdom,2020-06-23,287.0,2
United Kingdom,2020-06-24,25.0,0
United Kingdom,2020-06-25,576.0,10
United Kingdom,2020-06-26,295.0,6
United Kingdom,2020-06-27,2.0,0
United Kingdom,2020-06-28,305.0,7
United Kingdom,2020-06-29,534.0,13
United Kingdom,2020-06-30,332.0,8
United Kingdom,2020-07-01,710.0,10
United Kingdom,2020-07-02,416.0,2
United Kingdom,2020-07-03,210.0,2
United Kingdom,2020-07-04,70.0,1
United Kingdom,2020-07-05,208.0,2
United Kingdom,2020-07-06,369.0,10
United Kingdom,2020-07-07,263.0,3
United Kingdom,2020-07-08,304.0,6
United Kingdom,2020-07-09,78.0,0
United Kingdom,2020-07-10,213.0,3
United Kingdom,2020-07-11,325.0,8
United Kingdom,2020-07-12,0.0,0
United Kingdom,2020-07-13,0.0,0
United Kingdom,2020-07-14,452.0,11
United Kingdom,2020-07-15,153.0,4
United Kingdom,2020-07-16,0.0,0
United Kingdom,2020-07-17,68.0,1
United Kingdom,2020-07-18,0.0,0
United Kingdom,2020-07-19,0.0,0
United Kingdom,2020-07-20,0.0,0
United Kingdom,2020-07-21,0.0,0
United Kingdom,2020-07-22,103.0,2
United Kingdom,2020-07-23,35.0,0
United Kingdom,2020-07-24,375.0,7
United Kingdom,2020-07-25,63.0,0
United Kingdom,2020-07-26,211.0,4
United Kingdom,2020-07-27,54.0,1
United Kingdom,2020-07-28,53.0,0
United Kingdom,2020-07-29,0.0,0
United Kingdom,2020-07-30,458.0,3
United Kingdom,2020-07-31,268.0,4
United Kingdom,2020-08-01,97.0,0
United Kingdom,2020-08-02,332.0,1
United Kingdom,2020-08-03,197.0,4
United Kingdom,2020-08-04,146.0,3
United Kingdom,2020-08-05,432.0,2
United Kingdom,2020-08-06,718.0,15
United Kingdom,2020-08-07,362.0,7
United Kingdom,2020-08-08,94.0,1
United Kingdom,2020-08-09,342.0,4
United Kingdom,2020-08-10,1010.0,10
United Kingdom,2020-08-11,364.0,7
United Kingdom,2020-08-12,926.0,7
United Kingdom,2020-08-13,592.0,11
United Kingdom,2020-08-14,888.0,13
United Kingdom,2020-08-15,707.0,12
United Kingdom,2020-08-16,363.0,8
United Kingdom,2020-08-17,711.0,7
United Kingdom,2020-08-18,1414.0,18
United Kingdom,2020-08-19,870.0,14
United Kingdom,2020-08-20,1096.0,14
United Kingdom,2020-08-21,904.0,19
United Kingdom,2020-08-22,1002.0,8
United Kingdom,2020-08-23,1166.0,32
United Kingdom,2020-08-24,1251.0,35
United Kingdom,2020-08-25,,14
United Kingdom,2020-08-26,1214.0,20
United Kingdom,2020-08-27,1216.0,16
United Kingdom,2020-08-28,,15
United Kingdom,2020-08-29,1011.0,10
United Kingdom,2020-08-30,979.0,18
United Kingdom,2020-08-31,1620.0,40
United Kingdom,2020-09-01,1004.0,10
United Kingdom,2020-09-02,1905.0,46
United Kingdom,2020-09-03,,42
United Kingdom,2020-09-04,1549.0,32
United Kingdom,2020-09-05,1368.0,37
United Kingdom,2020-09-06,1721.0,34
United Kingdom,2020-09-07,1763.0,44
United Kingdom,2020-09-08,2095.0,60
United Kingdom,2020-09-09,1648.0,43
United Kingdom,2020-09-10,,34
United Kingdom,2020-09-11,1910.0,23
United Kingdom,2020-09-12,1892.0,38
United Kingdom,2020-09-13,1840.0,42
United Kingdom,2020-09-14,1593.0,36
United Kingdom,2020-09-15,1650.0,24
United Kingdom,2020-09-16,1939.0,46
United Kingdom,2020-09-17,2093.0,27
United Kingdom,2020-09-18,2447.0,20
United Kingdom,2020-09-19,2824.0,81
United Kingdom,2020-09-20,2700.0,75
United Kingdom,2020-09-21,2386.0,37
United Kingdom,2020-09-22,2805.0,52
United Kingdom,2020-09-23,2311.0,12
United Kingdom,2020-09-24,2231.0,64
United Kingdom,2020-09-25,3001.0,41
United Kingdom,2020-09-26,2141.0,43
United Kingdom,2020-09-27,2335.0,19
United Kingdom,2020-09-28,2397.0,20
United Kingdom,2020-09-29,2869.0,56
United Kingdom,2020-09-30,2350.0,51
United Kingdom,2020-10-01,2728.0,80
United Kingdom,2020-10-02,2434.0,54
United Kingdom,2020-10-03,2235.0,45
United Kingdom,2020-10-04,2630.0,52
United Kingdom,2020-10-05,2624.0,31
United Kingdom,2020-10-06,2288.0,32
United Kingdom,2020-10-07,2373.0,48
United Kingdom,2020-10-08,,20
United Kingdom,2020-10-09,2864.0,35
United Kingdom,2020-10-10,2737.0,25
United Kingdom,2020-10-11,2681.0,15
United Kingdom,2020-10-12,2748.0,44
United Kingdom,2020-10-13,2494.0,35
United Kingdom,2020-10-14,2741.0,52
United Kingdom,2020-10-15,2454.0,36
United Kingdom,2020-10-16,2258.0,15
United Kingdom,2020-10-17,2416.0,64
United Kingdom,2020-10-18,2646.0,15
United Kingdom,2020-10-19,2604.0,14
United Kingdom,2020-10-20,2846.0,15
United Kingdom,2020-10-21,2114.0,52
United Kingdom,2020-10-22,2483.0,35
United Kingdom,2020-10-23,2628.0,75
United Kingdom,2020-10-24,2255.0,29
United Kingdom,2020-10-25,2553.0,38
United Kingdom,2020-10-26,2359.0,53
United Kingdom,2020-10-27,2149.0,61
United Kingdom,2020-10-28,2714.0,75
United Kingdom,2020-10-29,2032.0,29
United Kingdom,2020-10-30,2632.0,57
United Kingdom,2020-10-31,2234.0,14
United Kingdom,2020-11-01,2068.0,39
United Kingdom,2020-11-02,2052.0,43
United Kingdom,2020-11-03,2059.0,24
United Kingdom,2020-11-04,1998.0,42
United Kingdom,2020-11-05,,28
United Kingdom,2020-11-06,1663.0,40
United Kingdom,2020-11-07,2441.0,16
United Kingdom,2020-11-08,2299.0,41
United Kingdom,2020-11-09,2406.0,69
United Kingdom,2020-11-10,1747.0,36
United Kingdom,2020-11-11,1359.0,38
United Kingdom,2020-11-12,1762.0,50
United Kingdom,2020-11-13,1841.0,44
United Kingdom,2020-11-14,1923.0,48
United Kingdom,2020-11-15,1666.0,38
United Kingdom,2020-11-16,1737.0,30
United Kingdom,2020-11-17,1755.0,43
United Kingdom,2020-11-18,1267.0,31
United Kingdom,2020-11-19,2101.0,55
United Kingdom,2020-11-20,1290.0,6
United Kingdom,2020-11-21,1607.0,9
United Kingdom,2020-11-22,1776.0,29
United Kingdom,2020-11-23,1243.0,28
United Kingdom,2020-11-24,1404.0,21
United Kingdom,2020-11-25,1784.0,25
United Kingdom,2020-11-26,1238.0,6
United Kingdom,2020-11-27,1539.0,31
United Kingdom,2020-11-28,1296.0,37
United Kingdom,2020-11-29,1235.0,25
United Kingdom,2020-11-30,1317.0,14
United Kingdom,2020-12-01,1024.0,21
United Kingdom,2020-12-02,985.0,14
United Kingdom,2020-12-03,1247.0,17
United Kingdom,2020-12-04,1019.0,6
United Kingdom,2020-12-05,1038.0,23
United Kingdom,2020-12-06,551.0,2
United Kingdom,2020-12-07,826.0,21
United Kingdom,2020-12-08,1097.0,5
United Kingdom,2020-12-09,974.0,23
United Kingdom,2020-12-10,788.0,10
United Kingdom,2020-12-11,522.0,7
United Kingdom,2020-12-12,458.0,7
United Kingdom,2020-12-13,,6
United Kingdom,2020-12-14,914.0,9
United Kingdom,2020-12-15,518.0,11
United Kingdom,2020-12-16,812.0,22
United Kingdom,2020-12-17,358.0,3
United Kingdom,2020-12-18,,8
United Kingdom,2020-12-19,109.0,3
United Kingdom,2020-12-20,,8
United Kingdom,2020-12-21,31.0,0
United Kingdom,2020-12-22,454.0,6
United Kingdom,2020-12-23,403.0,9
United Kingdom,2020-12-24,0.0,0
United Kingdom,2020-12-25,8.0,0
United Kingdom,2020-12-26,63.0,1
United Kingdom,2020-12-27,0.0,0
United Kingdom,2020-12-28,,0
United Kingdom,2020-12-29,0.0,0
United Kingdom,2020-12-30,303.0,2
United Kingdom,2020-12-31,444.0,6
United Kingdom,2021-01-01,,0
United Kingdom,2021-01-02,0.0,0
United Kingdom,2021-01-03,,1
United Kingdom,2021-01-04,0.0,0
United Kingdom,2021-01-05,0.0,0
United Kingdom,2021-01-06,235.0,3
United Kingdom,2021-01-07,71.0,1
United Kingdom,2021-01-08,0.0,0
United Kingdom,2021-01-09,0.0,0
United Kingdom,2021-01-10,388.0,2
United Kingdom,2021-01-11,0.0,0
United Kingdom,2021-01-12,38.0,0
United Kingdom,2021-01-13,0.0,0
United Kingdom,2021-01-14,0.0,0
United Kingdom,2021-01-15,48.0,0
United Kingdom,2021-01-16,0.0,0
United Kingdom,2021-01-17,182.0,2
United Kingdom,2021-01-18,72.0,1
United Kingdom,2021-01-19,0.0,0
United Kingdom,2021-01-20,0.0,0
United Kingdom,2021-01-21,359.0,3
United Kingdom,2021-01-22,0.0,0
United Kingdom,2021-01-23,,11
United Kingdom,2021-01-24,160.0,0
United Kingdom,2021-01-25,0.0,0
United Kingdom,2021-01-26,348.0,3
United Kingdom,2021-01-27,,3
United Kingdom,2021-01-28,257.0,3
United Kingdom,2021-01-29,38.0,0
United Kingdom,2021-01-30,476.0,11
United Kingdom,2021-01-31,626.0,11
United Kingdom,2021-02-01,233.0,2
United Kingdom,2021-02-02,869.0,12
United Kingdom,2021-02-03,288.0,7
United Kingdom,2021-02-04,536.0,12
United Kingdom,2021-02-05,79.0,0
United Kingdom,2021-02-06,,0
United Kingdom,2021-02-07,,21
United Kingdom,2021-02-08,991.0,7
United Kingdom,2021-02-09,958.0,10
United Kingdom,2021-02-10,254.0,6
United Kingdom,2021-02-11,798.0,18
United Kingdom,2021-02-12,890.0,5
United Kingdom,2021-02-13,843.0,13
United Kingdom,2021-02-14,942.0,14
United Kingdom,2021-02-15,667.0,15
United Kingdom,2021-02-16,,14
United Kingdom,2021-02-17,,7
United Kingdom,2021-02-18,949.0,24
United Kingdom,2021-02-19,1182.0,11
United Kingdom,2021-02-20,925.0,19
United Kingdom,2021-02-21,1103.0,13
United Kingdom,2021-02-22,1108.0,22
United Kingdom,2021-02-23,1270.0,11
United Kingdom,2021-02-24,1553.0,41
United Kingdom,2021-02-25,1420.0,20
United Kingdom,2021-02-26,1507.0,33
United Kingdom,2021-02-27,1072.0,25
United Kingdom,2021-02-28,1399.0,23
United Kingdom,2021-03-01,1753.0,32
United Kingdom,2021-03-02,1359.0,10
United Kingdom,2021-03-03,1515.0,28
United Kingdom,2021-03-04,,25
United Kingdom,2021-03-05,2065.0,56
United Kingdom,2021-03-06,1641.0,22
United Kingdom,2021-03-07,,14
United Kingdom,2021-03-08,2006.0,30
United Kingdom,2021-03-09,2173.0,53
United Kingdom,2021-03-10,,10
United Kingdom,2021-03-11,2223.0,13
United Kingdom,2021-03-12,2061.0,61
United Kingdom,2021-03-13,2010.0,37
United Kingdom,2021-03-14,1966.0,45
United Kingdom,2021-03-15,1985.0,33
United Kingdom,2021-03-16,1997.0,19
United Kingdom,2021-03-17,2284.0,49
United Kingdom,2021-03-18,2191.0,24
United Kingdom,2021-03-19,2276.0,37
United Kingdom,2021-03-20,2443.0,25
United Kingdom,2021-03-21,2300.0,63
United Kingdom,2021-03-22,1985.0,29
United Kingdom,2021-03-23,2163.0,48
United Kingdom,2021-03-24,2104.0,20
United Kingdom,2021-03-25,1923.0,38
United Kingdom,2021-03-26,2472.0,30
United Kingdom,2021-03-27,2153.0,17
United Kingdom,2021-03-28,2152.0,27
United Kingdom,2021-03-29,2225.0,14
United Kingdom,2021-03-30,2753.0,55
United Kingdom,2021-03-31,2460.0,46
United Kingdom,2021-04-01,2817.0,74
United Kingdom,2021-04-02,2546.0,14
United Kingdom,2021-04-03,2467.0,37
United Kingdom,2021-04-04,,81
United Kingdom,2021-04-05,2756.0,37
United Kingdom,2021-04-06,2637.0,17
United Kingdom,2021-04-07,,58
United Kingdom,2021-04-08,2497.0,18
United Kingdom,2021-04-09,2310.0,52
United Kingdom,2021-04-10,2552.0,46
United Kingdom,2021-04-11,2643.0,71
United Kingdom,2021-04-12,3004.0,53
United Kingdom,2021-04-13,2982.0,65
United Kingdom,2021-04-14,2784.0,31
United Kingdom,2021-04-15,2849.0,84
United Kingdom,2021-04-16,2651.0,27
United Kingdom,2021-04-17,3306.0,85
United Kingdom,2021-04-18,2968.0,65
United Kingdom,2021-04-19,3248.0,55
United Kingdom,2021-04-20,,37
United Kingdom,2021-04-21,2632.0,18
United Kingdom,2021-04-22,2781.0,69
United Kingdom,2021-04-23,2536.0,27
United Kingdom,2021-04-24,2547.0,68
United Kingdom,2021-04-25,2185.0,59
United Kingdom,2021-04-26,2666.0,27
United Kingdom,2021-04-27,2431.0,29
United Kingdom,2021-04-28,2581.0,58
United Kingdom,2021-04-29,2284.0,55
United Kingdom,2021-04-30,1848.0,11
United Kingdom,2021-05-01,2414.0,61
United Kingdom,2021-05-02,2556.0,64
United Kingdom,2021-05-03,1884.0,38
United Kingdom,2021-05-04,1931.0,52
United Kingdom,2021-05-05,2072.0,60
United Kingdom,2021-05-06,2051.0,20
United Kingdom,2021-05-07,1634.0,46
United Kingdom,2021-05-08,2501.0,66
United Kingdom,2021-05-09,2268.0,44
United Kingdom,2021-05-10,1802.0,13
United Kingdom,2021-05-11,1449.0,42
United Kingdom,2021-05-12,1978.0,46
United Kingdom,2021-05-13,2361.0,33
United Kingdom,2021-05-14,2016.0,26
United Kingdom,2021-05-15,2059.0,59
United Kingdom,2021-05-16,1467.0,15
United Kingdom,2021-05-17,1731.0,44
United Kingdom,2021-05-18,1233.0,19
United Kingdom,2021-05-19,2099.0,47
United Kingdom,2021-05-20,1685.0,43
United Kingdom,2021-05-21,940.0,7
United Kingdom,2021-05-22,962.0,11
United Kingdom,2021-05-23,1526.0,11
United Kingdom,2021-05-24,1391.0,20
United Kingdom,2021-05-25,1227.0,10
United Kingdom,2021-05-26,1424.0,39
United Kingdom,2021-05-27,1743.0,43
United Kingdom,2021-05-28,1268.0,24
United Kingdom,2021-05-29,654.0,6
United Kingdom,2021-05-30,1040.0,10
United Kingdom,2021-05-31,693.0,13
United Kingdom,2021-06-01,781.0,21
United Kingdom,2021-06-02,1033.0,29
United Kingdom,2021-06-03,859.0,24
United Kingdom,2021-06-04,582.0,7
United Kingdom,2021-06-05,811.0,18
United Kingdom,2021-06-06,562.0,10
United Kingdom,2021-06-07,872.0,16
United Kingdom,2021-06-08,629.0,13
United Kingdom,2021-06-09,755.0,9
United Kingdom,2021-06-10,543.0,6
United Kingdom,2021-06-11,771.0,11
United Kingdom,2021-06-12,502.0,5
United Kingdom,2021-06-13,498.0,13
United Kingdom,2021-06-14,317.0,4
United Kingdom,2021-06-15,468.0,2
United Kingdom,2021-06-16,0.0,0
United Kingdom,2021-06-17,1063.0,31
United Kingdom,2021-06-18,155.0,2
United Kingdom,2021-06-19,329.0,3
United Kingdom,2021-06-20,150.0,4
United Kingdom,2021-06-21,119.0,2
United Kingdom,2021-06-22,326.0,6
United Kingdom,2021-06-23,62.0,1
United Kingdom,2021-06-24,60.0,1
United Kingdom,2021-06-25,0.0,0
United Kingdom,2021-06-26,0.0,0
United Kingdom,2021-06-27,0.0,0
United Kingdom,2021-06-28,563.0,13
United Kingdom,2021-06-29,0.0,0
United Kingdom,2021-06-30,0.0,0
United Kingdom,2021-07-01,97.0,0
United Kingdom,2021-07-02,409.0,3
United Kingdom,2021-07-03,0.0,0
United Kingdom,2021-07-04,0.0,0
United Kingdom,2021-07-05,41.0,0
United Kingdom,2021-07-06,91.0,2
United Kingdom,2021-07-07,0.0,0
United Kingdom,2021-07-08,0.0,0
United Kingdom,2021-07-09,0.0,0
United Kingdom,2021-07-10,192.0,3
United Kingdom,2021-07-11,0.0,0
United Kingdom,2021-07-12,198.0,5
United Kingdom,2021-07-13,0.0,0
United Kingdom,2021-07-14,6.0,0
United Kingdom,2021-07-15,184.0,4
United Kingdom,2021-07-16,3.0,0
United Kingdom,2021-07-17,107.0,1
United Kingdom,2021-07-18,,0
United Kingdom,2021-07-19,0.0,0
United Kingdom,2021-07-20,213.0,2
United Kingdom,2021-07-21,45.0,0
United Kingdom,2021-07-22,0.0,0
United Kingdom,2021-07-23,320.0,7
United Kingdom,2021-07-24,313.0,3
United Kingdom,2021-07-25,191.0,3
United Kingdom,2021-07-26,19.0,0
United Kingdom,2021-07-27,479.0,12
United Kingdom,2021-07-28,926.0,11
United Kingdom,2021-07-29,85.0,0
United Kingdom,2021-07-30,0.0,0
United Kingdom,2021-07-31,157.0,3
United Kingdom,2021-08-01,149.0,3
United Kingdom,2021-08-02,,0
United Kingdom,2021-08-03,152.0,0
United Kingdom,2021-08-04,719.0,20
United Kingdom,2021-08-05,759.0,22
United Kingdom,2021-08-06,959.0,9
United Kingdom,2021-08-07,805.0,13
United Kingdom,2021-08-08,523.0,8
United Kingdom,2021-08-09,972.0,11
United Kingdom,2021-08-10,569.0,3
United Kingdom,2021-08-11,679.0,7
United Kingdom,2021-08-12,505.0,14
United Kingdom,2021-08-13,1176.0,18
United Kingdom,2021-08-14,1163.0,11
United Kingdom,2021-08-15,820.0,5
United Kingdom,2021-08-16,904.0,19
United Kingdom,2021-08-17,1039.0,27
United Kingdom,2021-08-18,1128.0,12
United Kingdom,2021-08-19,1341.0,32
United Kingdom,2021-08-20,,6
United Kingdom,2021-08-21,1316.0,10
United Kingdom,2021-08-22,864.0,18
United Kingdom,2021-08-23,1223.0,9
United Kingdom,2021-08-24,,14
United Kingdom,2021-08-25,1860.0,31
United Kingdom,2021-08-26,1804.0,10
United Kingdom,2021-08-27,1671.0,42
United Kingdom,2021-08-28,1820.0,42
United Kingdom,2021-08-29,2099.0,51
United Kingdom,2021-08-30,1864.0,39
United Kingdom,2021-08-31,1245.0,15
United Kingdom,2021-09-01,1652.0,36
United Kingdom,2021-09-02,1133.0,21
United Kingdom,2021-09-03,1578.0,32
United Kingdom,2021-09-04,1508.0,35
United Kingdom,2021-09-05,1873.0,22
United Kingdom,2021-09-06,2018.0,56
United Kingdom,2021-09-07,1713.0,28
United Kingdom,2021-09-08,1921.0,24
United Kingdom,2021-09-09,2106.0,38
United Kingdom,2021-09-10,2029.0,59
United Kingdom,2021-09-11,2060.0,46
United Kingdom,2021-09-12,1513.0,11
United Kingdom,2021-09-13,2061.0,24
United Kingdom,2021-09-14,2417.0,52
United Kingdom,2021-09-15,2310.0,66
United Kingdom,2021-09-16,1885.0,34
United Kingdom,2021-09-17,2232.0,41
United Kingdom,2021-09-18,,12
United Kingdom,2021-09-19,2104.0,18
United Kingdom,2021-09-20,2562.0,64
United Kingdom,2021-09-21,2200.0,24
United Kingdom,2021-09-22,2347.0,43
United Kingdom,2021-09-23,2427.0,53
United Kingdom,2021-09-24,3059.0,60
United Kingdom,2021-09-25,2412.0,58
United Kingdom,2021-09-26,2364.0,49
United Kingdom,2021-09-27,2717.0,34
United Kingdom,2021-09-28,2421.0,47
United Kingdom,2021-09-29,2609.0,58
United Kingdom,2021-09-30,1980.0,13
United Kingdom,2021-10-01,2658.0,77
United Kingdom,2021-10-02,2584.0,52
United Kingdom,2021-10-03,2258.0,66
United Kingdom,2021-10-04,,78
United Kingdom,2021-10-05,2543.0,14
United Kingdom,2021-10-06,2556.0,18
United Kingdom,2021-10-07,2265.0,59
United Kingdom,2021-10-08,2182.0,24
United Kingdom,2021-10-09,2457.0,68
United Kingdom,2021-10-10,2203.0,64
United Kingdom,2021-10-11,2724.0,66
United Kingdom,2021-10-12,2816.0,58
United Kingdom,2021-10-13,2414.0,38
United Kingdom,2021-10-14,2148.0,59
United Kingdom,2021-10-15,2454.0,50
United Kingdom,2021-10-16,2267.0,16
United Kingdom,2021-10-17,2573.0,59
United Kingdom,2021-10-18,2560.0,34
United Kingdom,2021-10-19,2383.0,20
United Kingdom,2021-10-20,2495.0,35
United Kingdom,2021-10-21,2727.0,72
United Kingdom,2021-10-22,2879.0,67
United Kingdom,2021-10-23,2272.0,32
United Kingdom,2021-10-24,2573.0,65
United Kingdom,2021-10-25,2296.0,43
United Kingdom,2021-10-26,2053.0,27
United Kingdom,2021-10-27,2637.0,19
United Kingdom,2021-10-28,2374.0,52
United Kingdom,2021-10-29,2277.0,25
United Kingdom,2021-10-30,2301.0,40
United Kingdom,2021-10-31,2132.0,23
United Kingdom,2021-11-01,1864.0,38
United Kingdom,2021-11-02,2569.0,16
United Kingdom,2021-11-03,2303.0,27
United Kingdom,2021-11-04,2099.0,43
United Kingdom,2021-11-05,2245.0,58
United Kingdom,2021-11-06,2289.0,53
United Kingdom,2021-11-07,1860.0,22
United Kingdom,2021-11-08,2026.0,30
United Kingdom,2021-11-09,1746.0,30
United Kingdom,2021-11-10,1957.0,56
United Kingdom,2021-11-11,1679.0,15
United Kingdom,2021-11-12,2340.0,57
United Kingdom,2021-11-13,1565.0,12
United Kingdom,2021-11-14,1750.0,45
United Kingdom,2021-11-15,1692.0,13
United Kingdom,2021-11-16,1438.0,20
United Kingdom,2021-11-17,1725.0,24
United Kingdom,2021-11-18,1413.0,30
United Kingdom,2021-11-19,1281.0,16
United Kingdom,2021-11-20,1344.0,33
United Kingdom,2021-11-21,1101.0,32
United Kingdom,2021-11-22,1566.0,35
United Kingdom,2021-11-23,1370.0,7
United Kingdom,2021-11-24,1418.0,10
United Kingdom,2021-11-25,762.0,19
United Kingdom,2021-11-26,,17
United Kingdom,2021-11-27,824.0,14
United Kingdom,2021-11-28,1004.0,26
United Kingdom,2021-11-29,1271.0,29
United Kingdom,2021-11-30,961.0,17
United Kingdom,2021-12-01,804.0,10
United Kingdom,2021-12-02,1101.0,7
United Kingdom,2021-12-03,1030.0,8
United Kingdom,2021-12-04,1208.0,7
United Kingdom,2021-12-05,196.0,2
United Kingdom,2021-12-06,729.0,20
United Kingdom,2021-12-07,,3
United Kingdom,2021-12-08,337.0,6
United Kingdom,2021-12-09,559.0,11
United Kingdom,2021-12-10,,5
United Kingdom,2021-12-11,0.0,0
United Kingdom,2021-12-12,186.0,3
United Kingdom,2021-12-13,320.0,6
United Kingdom,2021-12-14,845.0,19
United Kingdom,2021-12-15,136.0,2
United Kingdom,2021-12-16,0.0,0
United Kingdom,2021-12-17,0.0,0
United Kingdom,2021-12-18,147.0,1
United Kingdom,2021-12-19,150.0,2
United Kingdom,2021-12-20,226.0,2
United Kingdom,2021-12-21,0.0,0
United Kingdom,2021-12-22,0.0,0
United Kingdom,2021-12-23,0.0,0
United Kingdom,2021-12-24,146.0,2
United Kingdom,2021-12-25,0.0,0
United Kingdom,2021-12-26,0.0,0
United Kingdom,2021-12-27,357.0,6
United Kingdom,2021-12-28,172.0,0
United Kingdom,2021-12-29,120.0,2
United Kingdom,2021-12-30,109.0,2
United Kingdom,2021-12-31,0.0,0
Germany,2020-03-01,2731.0,77
Germany,2020-03-02,1704.0,26
Germany,2020-03-03,1692.0,46
Germany,2020-03-04,2406.0,52
Germany,2020-03-05,2759.0,78
Germany,2020-03-06,2214.0,12
Germany,2020-03-07,,71
Germany,2020-03-08,3046.0,71
Germany,2020-03-09,3178.0,60
Germany,2020-03-10,2738.0,24
Germany,2020-03-11,2834.0,28
Germany,2020-03-12,2213.0,62
Germany,2020-03-13,3004.0,44
Germany,2020-03-14,3182.0,75
Germany,2020-03-15,3737.0,109
Germany,2020-03-16,2644.0,28
Germany,2020-03-17,2891.0,19
Germany,2020-03-18,,16
Germany,2020-03-19,3767.0,59
Germany,2020-03-20,2348.0,60
Germany,2020-03-21,3030.0,75
Germany,2020-03-22,4441.0,87
Germany,2020-03-23,3890.0,19
Germany,2020-03-24,3087.0,34
Germany,2020-03-25,3684.0,32
Germany,2020-03-26,4123.0,36
Germany,2020-03-27,4043.0,33
Germany,2020-03-28,3755.0,22
Germany,2020-03-29,3551.0,62
Germany,2020-03-30,4292.0,58
Germany,2020-03-31,3969.0,54
Germany,2020-04-01,4356.0,51
Germany,2020-04-02,4212.0,104
Germany,2020-04-03,3872.0,47
Germany,2020-04-04,4722.0,42
Germany,2020-04-05,3914.0,47
Germany,2020-04-06,4338.0,48
Germany,2020-04-07,3902.0,53
Germany,2020-04-08,4094.0,59
Germany,2020-04-09,4103.0,43
Germany,2020-04-10,3940.0,81
Germany,2020-04-11,4338.0,38
Germany,2020-04-12,4809.0,133
Germany,2020-04-13,5051.0,136
Germany,2020-04-14,4873.0,84
Germany,2020-04-15,4183.0,97
Germany,2020-04-16,4882.0,50
Germany,2020-04-17,4432.0,54
Germany,2020-04-18,5018.0,139
Germany,2020-04-19,3695.0,62
Germany,2020-04-20,4861.0,114
Germany,2020-04-21,3953.0,100
Germany,2020-04-22,4691.0,105
Germany,2020-04-23,3974.0,64
Germany,2020-04-24,4545.0,65
Germany,2020-04-25,4007.0,26
Germany,2020-04-26,3294.0,87
Germany,2020-04-27,3657.0,81
Germany,2020-04-28,3938.0,25
Germany,2020-04-29,4018.0,103
Germany,2020-04-30,3010.0,36
Germany,2020-05-01,3419.0,89
Germany,2020-05-02,3579.0,31
Germany,2020-05-03,3759.0,20
Germany,2020-05-04,3900.0,103
Germany,2020-05-05,3406.0,92
Germany,2020-05-06,,53
Germany,2020-05-07,3789.0,105
Germany,2020-05-08,3464.0,25
Germany,2020-05-09,3933.0,34
Germany,2020-05-10,3271.0,95
Germany,2020-05-11,3715.0,105
Germany,2020-05-12,2997.0,67
Germany,2020-05-13,3433.0,45
Germany,2020-05-14,3295.0,75
Germany,2020-05-15,3385.0,16
Germany,2020-05-16,2727.0,37
Germany,2020-05-17,3009.0,79
Germany,2020-05-18,2630.0,28
Germany,2020-05-19,2857.0,23
Germany,2020-05-20,3123.0,53
Germany,2020-05-21,4066.0,88
Germany,2020-05-22,2730.0,34
Germany,2020-05-23,2950.0,75
Germany,2020-05-24,2619.0,72
Germany,2020-05-25,2984.0,31
Germany,2020-05-26,2623.0,38
Germany,2020-05-27,2799.0,72
Germany,2020-05-28,2429.0,42
Germany,2020-05-29,3231.0,76
Germany,2020-05-30,2719.0,34
Germany,2020-05-31,1325.0,33
Germany,2020-06-01,2109.0,54
Germany,2020-06-02,1940.0,47
Germany,2020-06-03,,23
Germany,2020-06-04,1391.0,20
Germany,2020-06-05,1489.0,26
Germany,2020-06-06,1300.0,32
Germany,2020-06-07,,36
Germany,2020-06-08,,12
Germany,2020-06-09,1721.0,10
Germany,2020-06-10,1664.0,17
Germany,2020-06-11,1415.0,23
Germany,2020-06-12,1055.0,25
Germany,2020-06-13,1132.0,31
Germany,2020-06-14,866.0,25
Germany,2020-06-15,1492.0,21
Germany,2020-06-16,1156.0,33
Germany,2020-06-17,,25
Germany,2020-06-18,662.0,6
Germany,2020-06-19,1382.0,39
Germany,2020-06-20,459.0,3
Germany,2020-06-21,579.0,9
Germany,2020-06-22,153.0,3
Germany,2020-06-23,772.0,15
Germany,2020-06-24,474.0,12
Germany,2020-06-25,719.0,13
Germany,2020-06-26,1046.0,16
Germany,2020-06-27,342.0,4
Germany,2020-06-28,,10
Germany,2020-06-29,672.0,12
Germany,2020-06-30,226.0,4
Germany,2020-07-01,0.0,0
Germany,2020-07-02,339.0,5
Germany,2020-07-03,372.0,8
Germany,2020-07-04,464.0,8
Germany,2020-07-05,462.0,11
Germany,2020-07-06,0.0,0
Germany,2020-07-07,256.0,3
Germany,2020-07-08,575.0,7
Germany,2020-07-09,0.0,0
Germany,2020-07-10,178.0,3
Germany,2020-07-11,0.0,0
Germany,2020-07-12,79.0,1
Germany,2020-07-13,745.0,21
Germany,2020-07-14,,1
Germany,2020-07-15,0.0,0
Germany,2020-07-16,,1
Germany,2020-07-17,106.0,3
Germany,2020-07-18,500.0,6
Germany,2020-07-19,0.0,0
Germany,2020-07-20,0.0,0
Germany,2020-07-21,33.0,0
Germany,2020-07-22,0.0,0
Germany,2020-07-23,592.0,3
Germany,2020-07-24,0.0,0
Germany,2020-07-25,0.0,0
Germany,2020-07-26,0.0,0
Germany,2020-07-27,0.0,0
Germany,2020-07-28,594.0,3
Germany,2020-07-29,545.0,2
Germany,2020-07-30,,14
Germany,2020-07-31,624.0,14
Germany,2020-08-01,0.0,0
Germany,2020-08-02,583.0,9
Germany,2020-08-03,0.0,0
Germany,2020-08-04,,3
Germany,2020-08-05,433.0,2
Germany,2020-08-06,421.0,8
Germany,2020-08-07,917.0,12
Germany,2020-08-08,418.0,6
Germany,2020-08-09,1560.0,12
Germany,2020-08-10,,25
Germany,2020-08-11,1445.0,39
Germany,2020-08-12,1327.0,31
Germany,2020-08-13,1448.0,12
Germany,2020-08-14,1114.0,13
Germany,2020-08-15,2037.0,20
Germany,2020-08-16,817.0,24
Germany,2020-08-17,1531.0,22
Germany,2020-08-18,1405.0,12
Germany,2020-08-19,1378.0,34
Germany,2020-08-20,1681.0,17
Germany,2020-08-21,1297.0,9
Germany,2020-08-22,2060.0,29
Germany,2020-08-23,2097.0,12
Germany,2020-08-24,1877.0,30
Germany,2020-08-25,2224.0,35
Germany,2020-08-26,1540.0,19
Germany,2020-08-27,1286.0,24
Germany,2020-08-28,1884.0,46
Germany,2020-08-29,2105.0,28
Germany,2020-08-30,3344.0,39
Germany,2020-08-31,2257.0,47
Germany,2020-09-01,2868.0,44
Germany,2020-09-02,2862.0,32
Germany,2020-09-03,3474.0,99
Germany,2020-09-04,2696.0,27
Germany,2020-09-05,2997.0,44
Germany,2020-09-06,2707.0,33
Germany,2020-09-07,2491.0,62
Germany,2020-09-08,2501.0,54
Germany,2020-09-09,2663.0,73
Germany,2020-09-10,,43
Germany,2020-09-11,3253.0,83
Germany,2020-09-12,3131.0,67
Germany,2020-09-13,3267.0,25
Germany,2020-09-14,3082.0,34
Germany,2020-09-15,3369.0,87
Germany,2020-09-16,3425.0,54
Germany,2020-09-17,3778.0,34
Germany,2020-09-18,3945.0,32
Germany,2020-09-19,2913.0,35
Germany,2020-09-20,3762.0,79
Germany,2020-09-21,4300.0,35
Germany,2020-09-22,3327.0,29
Germany,2020-09-23,3703.0,97
Germany,2020-09-24,3926.0,45
Germany,2020-09-25,4366.0,96
Germany,2020-09-26,4192.0,108
Germany,2020-09-27,,92
Germany,2020-09-28,4225.0,87
Germany,2020-09-29,4487.0,72
Germany,2020-09-30,4243.0,95
Germany,2020-10-01,4898.0,69
Germany,2020-10-02,4313.0,103
Germany,2020-10-03,,83
Germany,2020-10-04,3844.0,30
Germany,2020-10-05,4141.0,21
Germany,2020-10-06,,89
Germany,2020-10-07,4494.0,76
Germany,2020-10-08,4391.0,88
Germany,2020-10-09,,107
Germany,2020-10-10,4602.0,76
Germany,2020-10-11,4893.0,40
Germany,2020-10-12,3936.0,76
Germany,2020-10-13,4078.0,49
Germany,2020-10-14,4548.0,79
Germany,2020-10-15,,24
Germany,2020-10-16,4509.0,130
Germany,2020-10-17,4337.0,41
Germany,2020-10-18,,117
Germany,2020-10-19,4925.0,122
Germany,2020-10-20,4667.0,68
Germany,2020-10-21,3496.0,66
Germany,2020-10-22,3872.0,40
Germany,2020-10-23,,21
Germany,2020-10-24,4368.0,75
Germany,2020-10-25,4017.0,27
Germany,2020-10-26,3434.0,32
Germany,2020-10-27,,28
Germany,2020-10-28,3852.0,72
Germany,2020-10-29,4412.0,95
Germany,2020-10-30,3986.0,115
Germany,2020-10-31,4239.0,47
Germany,2020-11-01,4122.0,106
Germany,2020-11-02,4093.0,80
Germany,2020-11-03,3450.0,18
Germany,2020-11-04,4052.0,57
Germany,2020-11-05,3647.0,107
Germany,2020-11-06,2973.0,69
Germany,2020-11-07,3279.0,71
Germany,2020-11-08,3244.0,73
Germany,2020-11-09,3526.0,102
Germany,2020-11-10,3556.0,65
Germany,2020-11-11,2726.0,22
Germany,2020-11-12,3445.0,21
Germany,2020-11-13,3042.0,58
Germany,2020-11-14,2553.0,24
Germany,2020-11-15,3289.0,93
Germany,2020-11-16,2541.0,74
Germany,2020-11-17,2288.0,43
Germany,2020-11-18,3046.0,61
Germany,2020-11-19,3035.0,25
Germany,2020-11-20,2300.0,58
Germany,2020-11-21,2957.0,46
Germany,2020-11-22,2860.0,68
Germany,2020-11-23,2140.0,33
Germany,2020-11-24,3136.0,78
Germany,2020-11-25,2188.0,17
Germany,2020-11-26,2234.0,65
Germany,2020-11-27,1050.0,23
Germany,2020-11-28,2260.0,30
Germany,2020-11-29,1653.0,25
Germany,2020-11-30,2030.0,21
Germany,2020-12-01,1043.0,18
Germany,2020-12-02,2188.0,59
Germany,2020-12-03,2243.0,37
Germany,2020-12-04,2356.0,31
Germany,2020-12-05,227.0,3
Germany,2020-12-06,1661.0,25
Germany,2020-12-07,1489.0,23
Germany,2020-12-08,0.0,0
Germany,2020-12-09,896.0,20
Germany,2020-12-10,1106.0,25
Germany,2020-12-11,1681.0,9
Germany,2020-12-12,659.0,18
Germany,2020-12-13,1039.0,14
Germany,2020-12-14,867.0,13
Germany,2020-12-15,987.0,17
Germany,2020-12-16,605.0,16
Germany,2020-12-17,1098.0,6
Germany,2020-12-18,1077.0,28
Germany,2020-12-19,34.0,0
Germany,2020-12-20,1038.0,19
Germany,2020-12-21,196.0,2
Germany,2020-12-22,350.0,6
Germany,2020-12-23,900.0,20
Germany,2020-12-24,422.0,6
Germany,2020-12-25,584.0,16
Germany,2020-12-26,637.0,12
Germany,2020-12-27,520.0,8
Germany,2020-12-28,,0
Germany,2020-12-29,0.0,0
Germany,2020-12-30,462.0,12
Germany,2020-12-31,468.0,8
Germany,2021-01-01,274.0,2
Germany,2021-01-02,21.0,0
Germany,2021-01-03,446.0,5
Germany,2021-01-04,54.0,0
Germany,2021-01-05,0.0,0
Germany,2021-01-06,160.0,4
Germany,2021-01-07,245.0,5
Germany,2021-01-08,354.0,5
Germany,2021-01-09,0.0,0
Germany,2021-01-10,,0
Germany,2021-01-11,163.0,1
Germany,2021-01-12,0.0,0
Germany,2021-01-13,5.0,0
Germany,2021-01-14,441.0,3
Germany,2021-01-15,222.0,2
Germany,2021-01-16,844.0,5
Germany,2021-01-17,210.0,2
Germany,2021-01-18,832.0,8
Germany,2021-01-19,580.0,10
Germany,2021-01-20,1234.0,19
Germany,2021-01-21,188.0,1
Germany,2021-01-22,174.0,5
Germany,2021-01-23,797.0,18
Germany,2021-01-24,59.0,1
Germany,2021-01-25,117.0,2
Germany,2021-01-26,457.0,10
Germany,2021-01-27,553.0,5
Germany,2021-01-28,0.0,0
Germany,2021-01-29,590.0,8
Germany,2021-01-30,398.0,4
Germany,2021-01-31,567.0,7
Germany,2021-02-01,705.0,18
Germany,2021-02-02,602.0,9
Germany,2021-02-03,1192.0,32
Germany,2021-02-04,,29
Germany,2021-02-05,774.0,22
Germany,2021-02-06,945.0,16
Germany,2021-02-07,1415.0,27
Germany,2021-02-08,1370.0,27
Germany,2021-02-09,1638.0,11
Germany,2021-02-10,1109.0,26
Germany,2021-02-11,1292.0,32
Germany,2021-02-12,2153.0,21
Germany,2021-02-13,1354.0,18
Germany,2021-02-14,2151.0,44
Germany,2021-02-15,1868.0,54
Germany,2021-02-16,1401.0,19
Germany,2021-02-17,1063.0,28
Germany,2021-02-18,1996.0,13
Germany,2021-02-19,1502.0,28
Germany,2021-02-20,1574.0,19
Germany,2021-02-21,1216.0,32
Germany,2021-02-22,2524.0,24
Germany,2021-02-23,2140.0,15
Germany,2021-02-24,2182.0,31
Germany,2021-02-25,2412.0,57
Germany,2021-02-26,2423.0,56
Germany,2021-02-27,2434.0,33
Germany,2021-02-28,2686.0,62
Germany,2021-03-01,2425.0,21
Germany,2021-03-02,1523.0,24
Germany,2021-03-03,2999.0,80
Germany,2021-03-04,2939.0,26
Germany,2021-03-05,2840.0,31
Germany,2021-03-06,3572.0,50
Germany,2021-03-07,2380.0,24
Germany,2021-03-08,1815.0,33
Germany,2021-03-09,3735.0,58
Germany,2021-03-10,3347.0,66
Germany,2021-03-11,,14
Germany,2021-03-12,3128.0,79
Germany,2021-03-13,3625.0,54
Germany,2021-03-14,2911.0,19
Germany,2021-03-15,3718.0,76
Germany,2021-03-16,4436.0,41
Germany,2021-03-17,4184.0,43
Germany,2021-03-18,,87
Germany,2021-03-19,3840.0,26
Germany,2021-03-20,3354.0,96
Germany,2021-03-21,3859.0,43
Germany,2021-03-22,,74
Germany,2021-03-23,3474.0,27
Germany,2021-03-24,3370.0,101
Germany,2021-03-25,4794.0,138
Germany,2021-03-26,,86
Germany,2021-03-27,3620.0,42
Germany,2021-03-28,3908.0,55
Germany,2021-03-29,4746.0,92
Germany,2021-03-30,4831.0,57
Germany,2021-03-31,3913.0,77
Germany,2021-04-01,4279.0,118
Germany,2021-04-02,4595.0,39
Germany,2021-04-03,,48
Germany,2021-04-04,3758.0,109
Germany,2021-04-05,,102
Germany,2021-04-06,4285.0,25
Germany,2021-04-07,3963.0,29
Germany,2021-04-08,3748.0,79
Germany,2021-04-09,4200.0,108
Germany,2021-04-10,4694.0,138
Germany,2021-04-11,4588.0,37
Germany,2021-04-12,4199.0,70
Germany,2021-04-13,5095.0,90
Germany,2021-04-14,3948.0,103
Germany,2021-04-15,4236.0,72
Germany,2021-04-16,3677.0,21
Germany,2021-04-17,4566.0,31
Germany,2021-04-18,4165.0,72
Germany,2021-04-19,3485.0,29
Germany,2021-04-20,3822.0,68
Germany,2021-04-21,4904.0,96
Germany,2021-04-22,4421.0,78
Germany,2021-04-23,4131.0,80
Germany,2021-04-24,4415.0,23
Germany,2021-04-25,3339.0,74
Germany,2021-04-26,3626.0,21
Germany,2021-04-27,3375.0,59
Germany,2021-04-28,3543.0,31
Germany,2021-04-29,3686.0,55
Germany,2021-04-30,4024.0,101
Germany,2021-05-01,4177.0,108
Germany,2021-05-02,4115.0,111
Germany,2021-05-03,4783.0,106
Germany,2021-05-04,3385.0,62
Germany,2021-05-05,3530.0,88
Germany,2021-05-06,3695.0,24
Germany,2021-05-07,3070.0,17
Germany,2021-05-08,3238.0,87
Germany,2021-05-09,,80
Germany,2021-05-10,2860.0,45
Germany,2021-05-11,3367.0,38
Germany,2021-05-12,,106
Germany,2021-05-13,2563.0,26
Germany,2021-05-14,2000.0,22
Germany,2021-05-15,2931.0,83
Germany,2021-05-16,2386.0,57
Germany,2021-05-17,2827.0,74
Germany,2021-05-18,2492.0,70
Germany,2021-05-19,2738.0,79
Germany,2021-05-20,3015.0,44
Germany,2021-05-21,2809.0,31
Germany,2021-05-22,2238.0,42
Germany,2021-05-23,1821.0,26
Germany,2021-05-24,,15
Germany,2021-05-25,1247.0,24
Germany,2021-05-26,1755.0,48
Germany,2021-05-27,2057.0,38
Germany,2021-05-28,1655.0,22
Germany,2021-05-29,1614.0,15
Germany,2021-05-30,1116.0,28
Germany,2021-05-31,1020.0,21
Germany,2021-06-01,915.0,9
Germany,2021-06-02,1833.0,46
Germany,2021-06-03,662.0,4
Germany,2021-06-04,1713.0,12
Germany,2021-06-05,974.0,12
Germany,2021-06-06,1513.0,37
Germany,2021-06-07,1318.0,23
Germany,2021-06-08,1468.0,32
Germany,2021-06-09,1586.0,43
Germany,2021-06-10,687.0,20
Germany,2021-06-11,544.0,14
Germany,2021-06-12,707.0,11
Germany,2021-06-13,505.0,9
Germany,2021-06-14,1052.0,5
Germany,2021-06-15,667.0,4
Germany,2021-06-16,662.0,10
Germany,2021-06-17,782.0,10
Germany,2021-06-18,355.0,6
Germany,2021-06-19,969.0,4
Germany,2021-06-20,0.0,0
Germany,2021-06-21,511.0,8
Germany,2021-06-22,580.0,5
Germany,2021-06-23,3.0,0
Germany,2021-06-24,0.0,0
Germany,2021-06-25,635.0,14
Germany,2021-06-26,84.0,2
Germany,2021-06-27,0.0,0
Germany,2021-06-28,0.0,0
Germany,2021-06-29,557.0,5
Germany,2021-06-30,0.0,0
Germany,2021-07-01,638.0,7
Germany,2021-07-02,644.0,11
Germany,2021-07-03,0.0,0
Germany,2021-07-04,263.0,4
Germany,2021-07-05,0.0,0
Germany,2021-07-06,0.0,0
Germany,2021-07-07,0.0,0
Germany,2021-07-08,250.0,5
Germany,2021-07-09,0.0,0
Germany,2021-07-10,,0
Germany,2021-07-11,25.0,0
Germany,2021-07-12,229.0,5
Germany,2021-07-13,0.0,0
Germany,2021-07-14,0.0,0
Germany,2021-07-15,,0
Germany,2021-07-16,0.0,0
Germany,2021-07-17,139.0,1
Germany,2021-07-18,183.0,4
Germany,2021-07-19,979.0,18
Germany,2021-07-20,429.0,2
Germany,2021-07-21,429.0,4
Germany,2021-07-22,5.0,0
Germany,2021-07-23,577.0,8
Germany,2021-07-24,573.0,15
Germany,2021-07-25,603.0,13
Germany,2021-07-26,311.0,5
Germany,2021-07-27,,10
Germany,2021-07-28,1091.0,6
Germany,2021-07-29,156.0,1
Germany,2021-07-30,0.0,0
Germany,2021-07-31,939.0,13
Germany,2021-08-01,955.0,11
Germany,2021-08-02,601.0,17
Germany,2021-08-03,567.0,5
Germany,2021-08-04,1979.0,49
Germany,2021-08-05,675.0,9
Germany,2021-08-06,417.0,5
Germany,2021-08-07,792.0,10
Germany,2021-08-08,1270.0,14
Germany,2021-08-09,864.0,10
Germany,2021-08-10,1024.0,12
Germany,2021-08-11,1385.0,23
Germany,2021-08-12,1143.0,18
Germany,2021-08-13,1447.0,7
Germany,2021-08-14,1446.0,21
Germany,2021-08-15,1085.0,27
Germany,2021-08-16,1637.0,39
Germany,2021-08-17,1188.0,9
Germany,2021-08-18,2146.0,21
Germany,2021-08-19,1430.0,29
Germany,2021-08-20,1798.0,37
Germany,2021-08-21,1204.0,7
Germany,2021-08-22,1858.0,23
Germany,2021-08-23,1592.0,28
Germany,2021-08-24,2826.0,62
Germany,2021-08-25,2218.0,42
Germany,2021-08-26,2563.0,54
Germany,2021-08-27,1677.0,45
Germany,2021-08-28,1966.0,52
Germany,2021-08-29,2491.0,24
Germany,2021-08-30,2061.0,55
Germany,2021-08-31,3189.0,32
Germany,2021-09-01,2607.0,13
Germany,2021-09-02,2910.0,71
Germany,2021-09-03,3044.0,84
Germany,2021-09-04,2921.0,22
Germany,2021-09-05,3379.0,80
Germany,2021-09-06,2834.0,19
Germany,2021-09-07,3337.0,93
Germany,2021-09-08,3751.0,62
Germany,2021-09-09,3398.0,58
Germany,2021-09-10,3422.0,95
Germany,2021-09-11,3289.0,41
Germany,2021-09-12,3511.0,65
Germany,2021-09-13,3827.0,28
Germany,2021-09-14,3493.0,32
Germany,2021-09-15,2941.0,54
Germany,2021-09-16,3769.0,100
Germany,2021-09-17,3685.0,52
Germany,2021-09-18,,20
Germany,2021-09-19,3856.0,41
Germany,2021-09-20,4544.0,79
Germany,2021-09-21,3417.0,22
Germany,2021-09-22,3553.0,30
Germany,2021-09-23,4271.0,45
Germany,2021-09-24,3598.0,93
Germany,2021-09-25,4199.0,65
Germany,2021-09-26,4084.0,34
Germany,2021-09-27,3293.0,60
Germany,2021-09-28,4421.0,85
Germany,2021-09-29,4738.0,96
Germany,2021-09-30,4269.0,100
Germany,2021-10-01,3612.0,69
Germany,2021-10-02,4543.0,28
Germany,2021-10-03,3788.0,75
Germany,2021-10-04,4183.0,84
Germany,2021-10-05,4413.0,77
Germany,2021-10-06,3917.0,33
Germany,2021-10-07,3536.0,35
Germany,2021-10-08,4184.0,86
Germany,2021-10-09,4221.0,102
Germany,2021-10-10,3875.0,26
Germany,2021-10-11,3897.0,93
Germany,2021-10-12,4521.0,73
Germany,2021-10-13,4160.0,86
Germany,2021-10-14,3984.0,98
Germany,2021-10-15,3912.0,27
Germany,2021-10-16,4210.0,97
Germany,2021-10-17,4154.0,97
Germany,2021-10-18,4016.0,67
Germany,2021-10-19,3479.0,39
Germany,2021-10-20,3873.0,75
Germany,2021-10-21,3732.0,73
Germany,2021-10-22,3986.0,60
Germany,2021-10-23,4401.0,79
Germany,2021-10-24,,100
Germany,2021-10-25,4104.0,101
Germany,2021-10-26,3838.0,109
Germany,2021-10-27,3610.0,105
Germany,2021-10-28,3835.0,21
Germany,2021-10-29,3447.0,95
Germany,2021-10-30,3451.0,93
Germany,2021-10-31,3189.0,95
Germany,2021-11-01,3459.0,85
Germany,2021-11-02,3392.0,97
Germany,2021-11-03,4130.0,121
Germany,2021-11-04,3533.0,29
Germany,2021-11-05,3085.0,24
Germany,2021-11-06,3499.0,66
Germany,2021-11-07,2917.0,81
Germany,2021-11-08,3466.0,63
Germany,2021-11-09,,58
Germany,2021-11-10,4110.0,108
Germany,2021-11-11,2393.0,46
Germany,2021-11-12,2741.0,70
Germany,2021-11-13,2653.0,53
Germany,2021-11-14,2751.0,49
Germany,2021-11-15,2851.0,49
Germany,2021-11-16,,51
Germany,2021-11-17,2110.0,17
Germany,2021-11-18,2461.0,33
Germany,2021-11-19,2662.0,19
Germany,2021-11-20,1724.0,37
Germany,2021-11-21,,22
Germany,2021-11-22,2512.0,68
Germany,2021-11-23,2313.0,31
Germany,2021-11-24,2339.0,65
Germany,2021-11-25,1416.0,18
Germany,2021-11-26,1661.0,47
Germany,2021-11-27,1764.0,48
Germany,2021-11-28,1780.0,21
Germany,2021-11-29,1478.0,27
Germany,2021-11-30,1435.0,9
Germany,2021-12-01,,37
Germany,2021-12-02,1137.0,24
Germany,2021-12-03,1022.0,16
Germany,2021-12-04,1003.0,15
Germany,2021-12-05,,15
Germany,2021-12-06,1103.0,27
Germany,2021-12-07,900.0,8
Germany,2021-12-08,743.0,19
Germany,2021-12-09,1446.0,33
Germany,2021-12-10,927.0,13
Germany,2021-12-11,607.0,17
Germany,2021-12-12,1208.0,23
Germany,2021-12-13,409.0,7
Germany,2021-12-14,582.0,10
Germany,2021-12-15,493.0,6
Germany,2021-12-16,248.0,4
Germany,2021-12-17,279.0,2
Germany,2021-12-18,426.0,8
Germany,2021-12-19,0.0,0
Germany,2021-12-20,149.0,3
Germany,2021-12-21,372.0,7
Germany,2021-12-22,347.0,10
Germany,2021-12-23,322.0,7
Germany,2021-12-24,1125.0,5
Germany,2021-12-25,412.0,3
Germany,2021-12-26,55.0,0
Germany,2021-12-27,40.0,0
Germany,2021-12-28,66.0,1
Germany,2021-12-29,226.0,5
Germany,2021-12-30,0.0,0
Germany,2021-12-31,631.0,4
France,2020-03-01,1979.0,39
France,2020-03-02,2201.0,51
France,2020-03-03,1957.0,32
France,2020-03-04,1935.0,54
France,2020-03-05,1914.0,11
France,2020-03-06,2437.0,65
France,2020-03-07,2183.0,13
France,2020-03-08,2924.0,58
France,2020-03-09,1798.0,18
France,2020-03-10,2940.0,67
France,2020-03-11,2994.0,70
France,2020-03-12,3336.0,84
France,2020-03-13,2812.0,34
France,2020-03-14,2375.0,21
France,2020-03-15,2672.0,64
France,2020-03-16,3561.0,78
France,2020-03-17,3045.0,49
France,2020-03-18,3062.0,48
France,2020-03-19,3052.0,53
France,2020-03-20,3319.0,95
France,2020-03-21,3309.0,27
France,2020-03-22,2829.0,56
France,2020-03-23,3268.0,86
France,2020-03-24,3964.0,29
France,2020-03-25,4190.0,98
France,2020-03-26,3606.0,91
France,2020-03-27,3493.0,39
France,2020-03-28,4290.0,58
France,2020-03-29,3714.0,58
France,2020-03-30,3351.0,99
France,2020-03-31,3811.0,105
France,2020-04-01,4176.0,117
France,2020-04-02,4556.0,64
France,2020-04-03,3764.0,102
France,2020-04-04,4205.0,73
France,2020-04-05,3881.0,77
France,2020-04-06,4496.0,96
France,2020-04-07,4162.0,97
France,2020-04-08,4182.0,55
France,2020-04-09,3698.0,52
France,2020-04-10,3978.0,32
France,2020-04-11,3988.0,106
France,2020-04-12,2678.0,43
France,2020-04-13,4478.0,129
France,2020-04-14,4133.0,48
France,2020-04-15,4054.0,83
France,2020-04-16,3992.0,119
France,2020-04-17,4143.0,93
France,2020-04-18,4224.0,115
France,2020-04-19,3592.0,101
France,2020-04-20,4157.0,76
France,2020-04-21,4138.0,39
France,2020-04-22,4088.0,84
France,2020-04-23,,73
France,2020-04-24,3980.0,51
France,2020-04-25,3497.0,33
France,2020-04-26,4128.0,56
France,2020-04-27,4488.0,109
France,2020-04-28,4279.0,55
France,2020-04-29,3759.0,93
France,2020-04-30,3643.0,51
France,2020-05-01,3596.0,90
France,2020-05-02,3925.0,79
France,2020-05-03,3475.0,99
France,2020-05-04,3484.0,37
France,2020-05-05,2645.0,64
France,2020-05-06,3265.0,52
France,2020-05-07,3242.0,32
France,2020-05-08,3289.0,30
France,2020-05-09,3942.0,44
France,2020-05-10,2853.0,62
France,2020-05-11,2808.0,73
France,2020-05-12,3526.0,44
France,2020-05-13,2831.0,38
France,2020-05-14,3099.0,24
France,2020-05-15,3173.0,57
France,2020-05-16,3046.0,23
France,2020-05-17,2664.0,34
France,2020-05-18,3280.0,90
France,2020-05-19,3447.0,61
France,2020-05-20,2373.0,30
France,2020-05-21,2599.0,61
France,2020-05-22,3017.0,15
France,2020-05-23,2486.0,58
France,2020-05-24,2097.0,52
France,2020-05-25,2256.0,38
France,2020-05-26,2691.0,27
France,2020-05-27,1885.0,19
France,2020-05-28,2316.0,63
France,2020-05-29,2295.0,52
France,2020-05-30,1807.0,53
France,2020-05-31,2224.0,21
France,2020-06-01,2193.0,34
France,2020-06-02,2254.0,55
France,2020-06-03,2156.0,42
France,2020-06-04,1111.0,19
France,2020-06-05,1999.0,16
France,2020-06-06,1803.0,51
France,2020-06-07,1892.0,19
France,2020-06-08,,25
France,2020-06-09,1725.0,34
France,2020-06-10,1444.0,35
France,2020-06-11,763.0,18
France,2020-06-12,1674.0,27
France,2020-06-13,786.0,14
France,2020-06-14,628.0,4
France,2020-06-15,1134.0,26
France,2020-06-16,671.0,8
France,2020-06-17,1000.0,7
France,2020-06-18,698.0,4
France,2020-06-19,,10
France,2020-06-20,,8
France,2020-06-21,620.0,5
France,2020-06-22,932.0,14
France,2020-06-23,874.0,11
France,2020-06-24,150.0,1
France,2020-06-25,784.0,7
France,2020-06-26,646.0,13
France,2020-06-27,410.0,7
France,2020-06-28,766.0,11
France,2020-06-29,944.0,9
France,2020-06-30,550.0,13
France,2020-07-01,0.0,0
France,2020-07-02,361.0,5
France,2020-07-03,101.0,1
France,2020-07-04,20.0,0
France,2020-07-05,243.0,4
France,2020-07-06,0.0,0
France,2020-07-07,720.0,15
France,2020-07-08,160.0,3
France,2020-07-09,43.0,0
France,2020-07-10,339.0,1
France,2020-07-11,337.0,7
France,2020-07-12,484.0,11
France,2020-07-13,260.0,6
France,2020-07-14,0.0,0
France,2020-07-15,61.0,1
France,2020-07-16,0.0,0
France,2020-07-17,0.0,0
France,2020-07-18,442.0,6
France,2020-07-19,0.0,0
France,2020-07-20,777.0,22
France,2020-07-21,789.0,17
France,2020-07-22,0.0,0
France,2020-07-23,231.0,4
France,2020-07-24,,28
France,2020-07-25,0.0,0
France,2020-07-26,343.0,7
France,2020-07-27,123.0,3
France,2020-07-28,151.0,3
France,2020-07-29,171.0,3
France,2020-07-30,313.0,2
France,2020-07-31,665.0,15
France,2020-08-01,79.0,1
France,2020-08-02,647.0,16
France,2020-08-03,207.0,1
France,2020-08-04,747.0,12
France,2020-08-05,713.0,9
France,2020-08-06,326.0,5
France,2020-08-07,747.0,22
France,2020-08-08,450.0,10
France,2020-08-09,462.0,12
France,2020-08-10,1327.0,34
France,2020-08-11,188.0,1
France,2020-08-12,1202.0,27
France,2020-08-13,1323.0,31
France,2020-08-14,866.0,20
France,2020-08-15,1604.0,18
France,2020-08-16,1598.0,22
France,2020-08-17,780.0,16
France,2020-08-18,1577.0,18
France,2020-08-19,1622.0,28
France,2020-08-20,1208.0,18
France,2020-08-21,1805.0,12
France,2020-08-22,1945.0,13
France,2020-08-23,1426.0,14
France,2020-08-24,987.0,16
France,2020-08-25,2019.0,56
France,2020-08-26,1632.0,39
France,2020-08-27,1312.0,16
France,2020-08-28,1920.0,47
France,2020-08-29,1191.0,30
France,2020-08-30,2082.0,58
France,2020-08-31,2892.0,65
France,2020-09-01,,24
France,2020-09-02,2617.0,56
France,2020-09-03,2133.0,14
France,2020-09-04,2409.0,47
France,2020-09-05,2278.0,13
France,2020-09-06,2968.0,61
France,2020-09-07,2777.0,60
France,2020-09-08,2535.0,36
France,2020-09-09,2389.0,22
France,2020-09-10,2809.0,50
France,2020-09-11,3507.0,31
France,2020-09-12,2620.0,38
France,2020-09-13,3337.0,75
France,2020-09-14,3366.0,19
France,2020-09-15,2486.0,70
France,2020-09-16,3790.0,102
France,2020-09-17,3387.0,47
France,2020-09-18,4355.0,111
France,2020-09-19,4209.0,106
France,2020-09-20,3461.0,78
France,2020-09-21,3548.0,54
France,2020-09-22,3253.0,45
France,2020-09-23,3150.0,31
France,2020-09-24,4067.0,101
France,2020-09-25,3687.0,80
France,2020-09-26,3665.0,107
France,2020-09-27,,77
France,2020-09-28,4174.0,21
France,2020-09-29,4312.0,43
France,2020-09-30,3963.0,24
France,2020-10-01,3913.0,47
France,2020-10-02,4058.0,78
France,2020-10-03,4876.0,91
France,2020-10-04,3224.0,64
France,2020-10-05,3613.0,51
France,2020-10-06,4288.0,119
France,2020-10-07,4170.0,66
France,2020-10-08,4618.0,50
France,2020-10-09,4661.0,71
France,2020-10-10,4937.0,72
France,2020-10-11,3818.0,36
France,2020-10-12,4390.0,84
France,2020-10-13,4045.0,73
France,2020-10-14,4530.0,24
France,2020-10-15,4206.0,52
France,2020-10-16,4481.0,35
France,2020-10-17,3811.0,51
France,2020-10-18,4164.0,38
France,2020-10-19,3874.0,25
France,2020-10-20,,56
France,2020-10-21,3858.0,23
France,2020-10-22,3602.0,24
France,2020-10-23,4445.0,102
France,2020-10-24,4084.0,43
France,2020-10-25,4376.0,105
France,2020-10-26,3499.0,53
France,2020-10-27,3076.0,59
France,2020-10-28,3568.0,92
France,2020-10-29,3729.0,28
France,2020-10-30,4069.0,22
France,2020-10-31,4134.0,57
France,2020-11-01,4155.0,119
France,2020-11-02,4236.0,59
France,2020-11-03,3859.0,58
France,2020-11-04,,71
France,2020-11-05,3151.0,15
France,2020-11-06,3684.0,73
France,2020-11-07,3147.0,67
France,2020-11-08,2966.0,82
France,2020-11-09,3471.0,73
France,2020-11-10,3262.0,70
France,2020-11-11,3458.0,25
France,2020-11-12,2757.0,44
France,2020-11-13,3458.0,35
France,2020-11-14,3064.0,38
France,2020-11-15,2783.0,19
France,2020-11-16,2477.0,36
France,2020-11-17,2279.0,19
France,2020-11-18,2094.0,26
France,2020-11-19,3146.0,18
France,2020-11-20,1932.0,56
France,2020-11-21,2693.0,41
France,2020-11-22,2265.0,30
France,2020-11-23,2060.0,45
France,2020-11-24,2030.0,48
France,2020-11-25,2110.0,46
France,2020-11-26,2445.0,31
France,2020-11-27,2234.0,41
France,2020-11-28,,30
France,2020-11-29,1305.0,31
France,2020-11-30,1067.0,15
France,2020-12-01,2476.0,69
France,2020-12-02,1239.0,18
France,2020-12-03,940.0,9
France,2020-12-04,1963.0,52
France,2020-12-05,830.0,5
France,2020-12-06,1671.0,49
France,2020-12-07,1681.0,50
France,2020-12-08,1337.0,23
France,2020-12-09,1562.0,20
France,2020-12-10,542.0,4
France,2020-12-11,547.0,8
France,2020-12-12,903.0,20
France,2020-12-13,920.0,9
France,2020-12-14,827.0,18
France,2020-12-15,993.0,12
France,2020-12-16,449.0,8
France,2020-12-17,0.0,0
France,2020-12-18,805.0,13
France,2020-12-19,497.0,10
France,2020-12-20,870.0,11
France,2020-12-21,1337.0,26
France,2020-12-22,480.0,12
France,2020-12-23,640.0,17
France,2020-12-24,0.0,0
France,2020-12-25,692.0,8
France,2020-12-26,424.0,3
France,2020-12-27,352.0,2
France,2020-12-28,589.0,5
France,2020-12-29,0.0,0
France,2020-12-30,388.0,3
France,2020-12-31,319.0,7
France,2021-01-01,755.0,4
France,2021-01-02,0.0,0
France,2021-01-03,34.0,0
France,2021-01-04,943.0,8
France,2021-01-05,0.0,0
France,2021-01-06,0.0,0
France,2021-01-07,744.0,4
France,2021-01-08,1031.0,15
France,2021-01-09,57.0,0
France,2021-01-10,0.0,0
France,2021-01-11,0.0,0
France,2021-01-12,0.0,0
France,2021-01-13,0.0,0
France,2021-01-14,0.0,0
France,2021-01-15,110.0,3
France,2021-01-16,69.0,1
France,2021-01-17,263.0,4
France,2021-01-18,99.0,2
France,2021-01-19,0.0,0
France,2021-01-20,432.0,9
France,2021-01-21,258.0,6
France,2021-01-22,0.0,0
France,2021-01-23,107.0,0
France,2021-01-24,380.0,7
France,2021-01-25,316.0,3
France,2021-01-26,269.0,7
France,2021-01-27,672.0,3
France,2021-01-28,834.0,12
France,2021-01-29,318.0,5
France,2021-01-30,483.0,3
France,2021-01-31,89.0,1
France,2021-02-01,519.0,7
France,2021-02-02,832.0,6
France,2021-02-03,1042.0,25
France,2021-02-04,814.0,11
France,2021-02-05,766.0,12
France,2021-02-06,,14
France,2021-02-07,1006.0,28
France,2021-02-08,536.0,6
France,2021-02-09,1093.0,26
France,2021-02-10,1112.0,13
France,2021-02-11,801.0,23
France,2021-02-12,1367.0,38
France,2021-02-13,1214.0,21
France,2021-02-14,1611.0,11
France,2021-02-15,1239.0,32
France,2021-02-16,1700.0,37
France,2021-02-17,2208.0,54
France,2021-02-18,1717.0,30
France,2021-02-19,2035.0,59
France,2021-02-20,,21
France,2021-02-21,1715.0,41
France,2021-02-22,1165.0,8
France,2021-02-23,1941.0,54
France,2021-02-24,,21
France,2021-02-25,2192.0,18
France,2021-02-26,1383.0,21
France,2021-02-27,1941.0,16
France,2021-02-28,2395.0,46
France,2021-03-01,2591.0,54
France,2021-03-02,1833.0,20
France,2021-03-03,2406.0,17
France,2021-03-04,3682.0,96
France,2021-03-05,3032.0,66
France,2021-03-06,2846.0,58
France,2021-03-07,1732.0,50
France,2021-03-08,2541.0,19
France,2021-03-09,,58
France,2021-03-10,3139.0,19
France,2021-03-11,3291.0,87
France,2021-03-12,3557.0,92
France,2021-03-13,3269.0,48
France,2021-03-14,3633.0,71
France,2021-03-15,2620.0,61
France,2021-03-16,4415.0,93
France,2021-03-17,3336.0,74
France,2021-03-18,,37
France,2021-03-19,4168.0,96
France,2021-03-20,3854.0,91
France,2021-03-21,4050.0,69
France,2021-03-22,3451.0,64
France,2021-03-23,3859.0,58
France,2021-03-24,4074.0,82
France,2021-03-25,3365.0,93
France,2021-03-26,3774.0,22
France,2021-03-27,3799.0,91
France,2021-03-28,3812.0,88
France,2021-03-29,3677.0,58
France,2021-03-30,3479.0,35
France,2021-03-31,4189.0,86
France,2021-04-01,4137.0,99
France,2021-04-02,4527.0,39
France,2021-04-03,4050.0,77
France,2021-04-04,3822.0,90
France,2021-04-05,3521.0,41
France,2021-04-06,,106
France,2021-04-07,4002.0,74
France,2021-04-08,4949.0,34
France,2021-04-09,5065.0,130
France,2021-04-10,4777.0,27
France,2021-04-11,3772.0,96
France,2021-04-12,3569.0,67
France,2021-04-13,4032.0,20
France,2021-04-14,3757.0,32
France,2021-04-15,4682.0,38
France,2021-04-16,4140.0,87
France,2021-04-17,3913.0,94
France,2021-04-18,4053.0,57
France,2021-04-19,4545.0,95
France,2021-04-20,3632.0,69
France,2021-04-21,4185.0,110
France,2021-04-22,3424.0,37
France,2021-04-23,3845.0,31
France,2021-04-24,3629.0,55
France,2021-04-25,3989.0,103
France,2021-04-26,,44
France,2021-04-27,4270.0,108
France,2021-04-28,4021.0,29
France,2021-04-29,3455.0,91
France,2021-04-30,3119.0,50
France,2021-05-01,3277.0,84
France,2021-05-02,3385.0,56
France,2021-05-03,3414.0,62
France,2021-05-04,3146.0,70
France,2021-05-05,3837.0,35
France,2021-05-06,3721.0,20
France,2021-05-07,3175.0,46
France,2021-05-08,3026.0,25
France,2021-05-09,3069.0,32
France,2021-05-10,3086.0,28
France,2021-05-11,3031.0,24
France,2021-05-12,2321.0,60
France,2021-05-13,2736.0,56
France,2021-05-14,2085.0,28
France,2021-05-15,2791.0,76
France,2021-05-16,2982.0,15
France,2021-05-17,2209.0,61
France,2021-05-18,2636.0,65
France,2021-05-19,2251.0,37
France,2021-05-20,2147.0,61
France,2021-05-21,3152.0,43
France,2021-05-22,2646.0,22
France,2021-05-23,2409.0,18
France,2021-05-24,1966.0,45
France,2021-05-25,2236.0,27
France,2021-05-26,1919.0,22
France,2021-05-27,2109.0,53
France,2021-05-28,1489.0,39
France,2021-05-29,1753.0,25
France,2021-05-30,1550.0,21
France,2021-05-31,1067.0,19
France,2021-06-01,2253.0,33
France,2021-06-02,1830.0,49
France,2021-06-03,1110.0,20
France,2021-06-04,768.0,8
France,2021-06-05,1001.0,5
France,2021-06-06,889.0,25
France,2021-06-07,916.0,12
France,2021-06-08,486.0,13
France,2021-06-09,699.0,19
France,2021-06-10,999.0,15
France,2021-06-11,1080.0,11
France,2021-06-12,51.0,1
France,2021-06-13,,5
France,2021-06-14,339.0,2
France,2021-06-15,263.0,1
France,2021-06-16,503.0,9
France,2021-06-17,303.0,7
France,2021-06-18,,17
France,2021-06-19,769.0,21
France,2021-06-20,315.0,2
France,2021-06-21,134.0,3
France,2021-06-22,1081.0,24
France,2021-06-23,1073.0,24
France,2021-06-24,435.0,7
France,2021-06-25,180.0,1
France,2021-06-26,619.0,8
France,2021-06-27,768.0,8
France,2021-06-28,0.0,0
France,2021-06-29,859.0,20
France,2021-06-30,,1
France,2021-07-01,525.0,10
France,2021-07-02,0.0,0
France,2021-07-03,73.0,1
France,2021-07-04,0.0,0
France,2021-07-05,32.0,0
France,2021-07-06,426.0,6
France,2021-07-07,0.0,0
France,2021-07-08,0.0,0
France,2021-07-09,222.0,6
France,2021-07-10,0.0,0
France,2021-07-11,834.0,22
France,2021-07-12,0.0,0
France,2021-07-13,1054.0,20
France,2021-07-14,0.0,0
France,2021-07-15,443.0,6
France,2021-07-16,721.0,12
France,2021-07-17,,3
France,2021-07-18,0.0,0
France,2021-07-19,0.0,0
France,2021-07-20,179.0,3
France,2021-07-21,410.0,7
France,2021-07-22,,4
France,2021-07-23,702.0,12
France,2021-07-24,879.0,22
France,2021-07-25,0.0,0
France,2021-07-26,759.0,21
France,2021-07-27,0.0,0
France,2021-07-28,499.0,4
France,2021-07-29,47.0,1
France,2021-07-30,0.0,0
France,2021-07-31,956.0,25
France,2021-08-01,619.0,7
France,2021-08-02,1090.0,7
France,2021-08-03,91.0,1
France,2021-08-04,296.0,1
France,2021-08-05,812.0,6
France,2021-08-06,639.0,12
France,2021-08-07,1001.0,23
France,2021-08-08,779.0,13
France,2021-08-09,958.0,24
France,2021-08-10,693.0,6
France,2021-08-11,1752.0,43
France,2021-08-12,1162.0,18
France,2021-08-13,876.0,23
France,2021-08-14,1707.0,14
France,2021-08-15,1696.0,31
France,2021-08-16,1656.0,12
France,2021-08-17,1729.0,15
France,2021-08-18,1547.0,21
France,2021-08-19,1726.0,32
France,2021-08-20,944.0,17
France,2021-08-21,1285.0,14
France,2021-08-22,1491.0,18
France,2021-08-23,2185.0,63
France,2021-08-24,2641.0,15
France,2021-08-25,2144.0,32
France,2021-08-26,2174.0,56
France,2021-08-27,2818.0,62
France,2021-08-28,2277.0,44
France,2021-08-29,,24
France,2021-08-30,2745.0,31
France,2021-08-31,2092.0,62
France,2021-09-01,2836.0,54
France,2021-09-02,2859.0,34
France,2021-09-03,2370.0,66
France,2021-09-04,2483.0,63
France,2021-09-05,2451.0,58
France,2021-09-06,3601.0,38
France,2021-09-07,3969.0,59
France,2021-09-08,3453.0,90
France,2021-09-09,3868.0,46
France,2021-09-10,2729.0,79
France,2021-09-11,3919.0,60
France,2021-09-12,4207.0,74
France,2021-09-13,4115.0,99
France,2021-09-14,3117.0,23
France,2021-09-15,4001.0,82
France,2021-09-16,,71
France,2021-09-17,4094.0,37
France,2021-09-18,3433.0,31
France,2021-09-19,3746.0,21
France,2021-09-20,3547.0,50
France,2021-09-21,4017.0,84
France,2021-09-22,3816.0,26
France,2021-09-23,4351.0,77
France,2021-09-24,4265.0,39
France,2021-09-25,4128.0,105
France,2021-09-26,3969.0,26
France,2021-09-27,3886.0,19
France,2021-09-28,4036.0,87
France,2021-09-29,4364.0,60
France,2021-09-30,4127.0,114
France,2021-10-01,4210.0,61
France,2021-10-02,4089.0,101
France,2021-10-03,4084.0,69
France,2021-10-04,3850.0,66
France,2021-10-05,3357.0,49
France,2021-10-06,4370.0,98
France,2021-10-07,4366.0,25
France,2021-10-08,3735.0,94
France,2021-10-09,4918.0,105
France,2021-10-10,3643.0,84
France,2021-10-11,,34
France,2021-10-12,4208.0,96
France,2021-10-13,4220.0,75
France,2021-10-14,4543.0,104
France,2021-10-15,4435.0,80
France,2021-10-16,4045.0,110
France,2021-10-17,3575.0,90
France,2021-10-18,3482.0,67
France,2021-10-19,4035.0,119
France,2021-10-20,4577.0,82
France,2021-10-21,4256.0,58
France,2021-10-22,3846.0,102
France,2021-10-23,3958.0,38
France,2021-10-24,4065.0,98
France,2021-10-25,4450.0,83
France,2021-10-26,3384.0,100
France,2021-10-27,3951.0,24
France,2021-10-28,3720.0,46
France,2021-10-29,3243.0,91
France,2021-10-30,3086.0,60
France,2021-10-31,3975.0,40
France,2021-11-01,3534.0,79
France,2021-11-02,3255.0,56
France,2021-11-03,3325.0,64
France,2021-11-04,3630.0,33
France,2021-11-05,3203.0,18
France,2021-11-06,3765.0,104
France,2021-11-07,2932.0,63
France,2021-11-08,,77
France,2021-11-09,2863.0,49
France,2021-11-10,2456.0,28
France,2021-11-11,2632.0,16
France,2021-11-12,3213.0,60
France,2021-11-13,3343.0,81
France,2021-11-14,2830.0,79
France,2021-11-15,2580.0,37
France,2021-11-16,2053.0,24
France,2021-11-17,1943.0,21
France,2021-11-18,2438.0,69
France,2021-11-19,2282.0,50
France,2021-11-20,1902.0,34
France,2021-11-21,1885.0,52
France,2021-11-22,2640.0,62
France,2021-11-23,2333.0,42
France,2021-11-24,1875.0,45
France,2021-11-25,1876.0,40
France,2021-11-26,2237.0,53
France,2021-11-27,1788.0,23
France,2021-11-28,1667.0,37
France,2021-11-29,850.0,7
France,2021-11-30,,4
France,2021-12-01,574.0,10
France,2021-12-02,364.0,8
France,2021-12-03,1223.0,12
France,2021-12-04,1299.0,35
France,2021-12-05,739.0,12
France,2021-12-06,1217.0,26
France,2021-12-07,1156.0,30
France,2021-12-08,881.0,21
France,2021-12-09,,5
France,2021-12-10,,16
France,2021-12-11,1308.0,12
France,2021-12-12,447.0,8
France,2021-12-13,1434.0,28
France,2021-12-14,601.0,12
France,2021-12-15,208.0,3
France,2021-12-16,316.0,2
France,2021-12-17,0.0,0
France,2021-12-18,252.0,5
France,2021-12-19,0.0,0
France,2021-12-20,783.0,4
France,2021-12-21,411.0,7
France,2021-12-22,0.0,0
France,2021-12-23,448.0,3
France,2021-12-24,0.0,0
France,2021-12-25,,1
France,2021-12-26,324.0,6
France,2021-12-27,131.0,3
France,2021-12-28,0.0,0
France,2021-12-29,17.0,0
France,2021-12-30,0.0,0
France,2021-12-31,57.0,1
Italy,2020-03-01,3070.0,84
Italy,2020-03-02,,68
Italy,2020-03-03,2540.0,20
Italy,2020-03-04,2959.0,39
Italy,2020-03-05,3545.0,67
Italy,2020-03-06,3182.0,24
Italy,2020-03-07,3203.0,48
Italy,2020-03-08,2761.0,18
Italy,2020-03-09,3486.0,63
Italy,2020-03-10,3619.0,61
Italy,2020-03-11,2954.0,83
Italy,2020-03-12,4400.0,110
Italy,2020-03-13,3135.0,36
Italy,2020-03-14,4146.0,91
Italy,2020-03-15,3656.0,105
Italy,2020-03-16,3917.0,32
Italy,2020-03-17,3517.0,64
Italy,2020-03-18,,31
Italy,2020-03-19,4413.0,50
Italy,2020-03-20,4034.0,69
Italy,2020-03-21,4029.0,21
Italy,2020-03-22,4715.0,80
Italy,2020-03-23,4692.0,58
Italy,2020-03-24,4480.0,29
Italy,2020-03-25,4574.0,83
Italy,2020-03-26,5382.0,53
Italy,2020-03-27,4488.0,44
Italy,2020-03-28,4822.0,137
Italy,2020-03-29,4891.0,77
Italy,2020-03-30,4021.0,75
Italy,2020-03-31,3799.0,28
Italy,2020-04-01,4879.0,140
Italy,2020-04-02,5292.0,104
Italy,2020-04-03,4995.0,61
Italy,2020-04-04,4660.0,100
Italy,2020-04-05,4630.0,97
Italy,2020-04-06,5398.0,92
Italy,2020-04-07,4865.0,76
Italy,2020-04-08,4229.0,31
Italy,2020-04-09,5401.0,129
Italy,2020-04-10,5195.0,31
Italy,2020-04-11,5281.0,34
Italy,2020-04-12,5623.0,115
Italy,2020-04-13,5774.0,154
Italy,2020-04-14,5394.0,148
Italy,2020-04-15,5026.0,52
Italy,2020-04-16,4048.0,102
Italy,2020-04-17,5256.0,50
Italy,2020-04-18,5025.0,49
Italy,2020-04-19,5752.0,95
Italy,2020-04-20,5717.0,110
Italy,2020-04-21,5297.0,96
Italy,2020-04-22,5727.0,159
Italy,2020-04-23,4977.0,86
Italy,2020-04-24,4967.0,69
Italy,2020-04-25,4534.0,75
Italy,2020-04-26,4771.0,45
Italy,2020-04-27,4999.0,115
Italy,2020-04-28,5387.0,50
Italy,2020-04-29,4445.0,75
Italy,2020-04-30,-50.0,37
Italy,2020-05-01,5902.0,135
Italy,2020-05-02,4001.0,56
Italy,2020-05-03,4496.0,110
Italy,2020-05-04,4583.0,42
Italy,2020-05-05,5021.0,86
Italy,2020-05-06,5457.0,146
Italy,2020-05-07,5017.0,116
Italy,2020-05-08,4315.0,43
Italy,2020-05-09,3841.0,28
Italy,2020-05-10,4173.0,83
Italy,2020-05-11,4112.0,121
Italy,2020-05-12,4183.0,63
Italy,2020-05-13,3538.0,79
Italy,2020-05-14,4680.0,103
Italy,2020-05-15,3473.0,102
Italy,2020-05-16,4101.0,62
Italy,2020-05-17,3787.0,27
Italy,2020-05-18,3047.0,22
Italy,2020-05-19,3549.0,98
Italy,2020-05-20,3443.0,35
Italy,2020-05-21,3254.0,63
Italy,2020-05-22,3669.0,76
Italy,2020-05-23,2938.0,80
Italy,2020-05-24,4371.0,68
Italy,2020-05-25,3571.0,40
Italy,2020-05-26,2454.0,67
Italy,2020-05-27,1572.0,31
Italy,2020-05-28,3369.0,100
Italy,2020-05-29,2774.0,67
Italy,2020-05-30,2600.0,56
Italy,2020-05-31,1978.0,33
Italy,2020-06-01,1655.0,8
Italy,2020-06-02,1353.0,34
Italy,2020-06-03,3496.0,48
Italy,2020-06-04,2923.0,18
Italy,2020-06-05,1749.0,41
Italy,2020-06-06,2886.0,85
Italy,2020-06-07,920.0,21
Italy,2020-06-08,2121.0,19
Italy,2020-06-09,2040.0,27
Italy,2020-06-10,1167.0,15
Italy,2020-06-11,1289.0,16
Italy,2020-06-12,912.0,20
Italy,2020-06-13,1379.0,31
Italy,2020-06-14,1944.0,23
Italy,2020-06-15,1706.0,25
Italy,2020-06-16,1339.0,17
Italy,2020-06-17,1620.0,18
Italy,2020-06-18,83.0,1
Italy,2020-06-19,1937.0,48
Italy,2020-06-20,822.0,18
Italy,2020-06-21,117.0,3
Italy,2020-06-22,526.0,15
Italy,2020-06-23,330.0,9
Italy,2020-06-24,647.0,15
Italy,2020-06-25,702.0,9
Italy,2020-06-26,0.0,0
Italy,2020-06-27,1077.0,31
Italy,2020-06-28,1265.0,15
Italy,2020-06-29,0.0,0
Italy,2020-06-30,1048.0,5
Italy,2020-07-01,898.0,24
Italy,2020-07-02,736.0,18
Italy,2020-07-03,1015.0,8
Italy,2020-07-04,0.0,0
Italy,2020-07-05,494.0,6
Italy,2020-07-06,0.0,0
Italy,2020-07-07,1279.0,20
Italy,2020-07-08,0.0,0
Italy,2020-07-09,,0
Italy,2020-07-10,,11
Italy,2020-07-11,331.0,7
Italy,2020-07-12,22.0,0
Italy,2020-07-13,72.0,0
Italy,2020-07-14,313.0,4
Italy,2020-07-15,880.0,22
Italy,2020-07-16,0.0,0
Italy,2020-07-17,0.0,0
Italy,2020-07-18,0.0,0
Italy,2020-07-19,3.0,0
Italy,2020-07-20,63.0,1
Italy,2020-07-21,0.0,0
Italy,2020-07-22,,1
Italy,2020-07-23,,0
Italy,2020-07-24,0.0,0
Italy,2020-07-25,60.0,0
Italy,2020-07-26,98.0,2
Italy,2020-07-27,1014.0,18
Italy,2020-07-28,1133.0,23
Italy,2020-07-29,892.0,10
Italy,2020-07-30,1195.0,27
Italy,2020-07-31,291.0,2
Italy,2020-08-01,1206.0,12
Italy,2020-08-02,515.0,3
Italy,2020-08-03,,20
Italy,2020-08-04,795.0,10
Italy,2020-08-05,36.0,0
Italy,2020-08-06,469.0,7
Italy,2020-08-07,764.0,8
Italy,2020-08-08,1099.0,30
Italy,2020-08-09,917.0,11
Italy,2020-08-10,618.0,3
Italy,2020-08-11,535.0,13
Italy,2020-08-12,1205.0,27
Italy,2020-08-13,,6
Italy,2020-08-14,,10
Italy,2020-08-15,1381.0,12
Italy,2020-08-16,1606.0,44
Italy,2020-08-17,1174.0,32
Italy,2020-08-18,772.0,4
Italy,2020-08-19,1911.0,19
Italy,2020-08-20,2267.0,34
Italy,2020-08-21,1727.0,35
Italy,2020-08-22,1831.0,47
Italy,2020-08-23,924.0,25
Italy,2020-08-24,2658.0,75
Italy,2020-08-25,1727.0,33
Italy,2020-08-26,2742.0,64
Italy,2020-08-27,2163.0,59
Italy,2020-08-28,2481.0,58
Italy,2020-08-29,2546.0,42
Italy,2020-08-30,1813.0,46
Italy,2020-08-31,4224.0,87
Italy,2020-09-01,2110.0,25
Italy,2020-09-02,3053.0,17
Italy,2020-09-03,2669.0,64
Italy,2020-09-04,3050.0,16
Italy,2020-09-05,3960.0,97
Italy,2020-09-06,2391.0,58
Italy,2020-09-07,3354.0,32
Italy,2020-09-08,3761.0,99
Italy,2020-09-09,3653.0,69
Italy,2020-09-10,3875.0,111
Italy,2020-09-11,3369.0,95
Italy,2020-09-12,2992.0,16
Italy,2020-09-13,3237.0,35
Italy,2020-09-14,3772.0,95
Italy,2020-09-15,4433.0,80
Italy,2020-09-16,4166.0,36
Italy,2020-09-17,5014.0,89
Italy,2020-09-18,4313.0,59
Italy,2020-09-19,4426.0,64
Italy,2020-09-20,4492.0,34
Italy,2020-09-21,3566.0,71
Italy,2020-09-22,4803.0,123
Italy,2020-09-23,3998.0,58
Italy,2020-09-24,4425.0,57
Italy,2020-09-25,5867.0,162
Italy,2020-09-26,4087.0,84
Italy,2020-09-27,,141
Italy,2020-09-28,,129
Italy,2020-09-29,4914.0,50
Italy,2020-09-30,,110
Italy,2020-10-01,4636.0,41
Italy,2020-10-02,5970.0,54
Italy,2020-10-03,3957.0,82
Italy,2020-10-04,4484.0,25
Italy,2020-10-05,5788.0,62
Italy,2020-10-06,5331.0,155
Italy,2020-10-07,4677.0,57
Italy,2020-10-08,,106
Italy,2020-10-09,,112
Italy,2020-10-10,6448.0,119
Italy,2020-10-11,5357.0,139
Italy,2020-10-12,4580.0,46
Italy,2020-10-13,5227.0,44
Italy,2020-10-14,4781.0,118
Italy,2020-10-15,5858.0,79
Italy,2020-10-16,5232.0,52
Italy,2020-10-17,5711.0,102
Italy,2020-10-18,5133.0,114
Italy,2020-10-19,6072.0,110
Italy,2020-10-20,5218.0,131
Italy,2020-10-21,5125.0,70
Italy,2020-10-22,4432.0,110
Italy,2020-10-23,4705.0,131
Italy,2020-10-24,5085.0,99
Italy,2020-10-25,4595.0,100
Italy,2020-10-26,6078.0,117
Italy,2020-10-27,4759.0,59
Italy,2020-10-28,4330.0,48
Italy,2020-10-29,5174.0,119
Italy,2020-10-30,4348.0,37
Italy,2020-10-31,,72
Italy,2020-11-01,4462.0,63
Italy,2020-11-02,4083.0,111
Italy,2020-11-03,5099.0,93
Italy,2020-11-04,,50
Italy,2020-11-05,4817.0,76
Italy,2020-11-06,4021.0,26
Italy,2020-11-07,3396.0,40
Italy,2020-11-08,3419.0,75
Italy,2020-11-09,3716.0,41
Italy,2020-11-10,3812.0,47
Italy,2020-11-11,3858.0,107
Italy,2020-11-12,4014.0,47
Italy,2020-11-13,3038.0,58
Italy,2020-11-14,3709.0,110
Italy,2020-11-15,,20
Italy,2020-11-16,3077.0,46
Italy,2020-11-17,4652.0,116
Italy,2020-11-18,,94
Italy,2020-11-19,2986.0,61
Italy,2020-11-20,3999.0,91
Italy,2020-11-21,3721.0,32
Italy,2020-11-22,,21
Italy,2020-11-23,3569.0,28
Italy,2020-11-24,2605.0,71
Italy,2020-11-25,2578.0,24
Italy,2020-11-26,2114.0,47
Italy,2020-11-27,2762.0,19
Italy,2020-11-28,1735.0,47
Italy,2020-11-29,2029.0,49
Italy,2020-11-30,2432.0,63
Italy,2020-12-01,1852.0,54
Italy,2020-12-02,2199.0,46
Italy,2020-12-03,2867.0,77
Italy,2020-12-04,1346.0,40
Italy,2020-12-05,2481.0,18
Italy,2020-12-06,1331.0,8
Italy,2020-12-07,1119.0,26
Italy,2020-12-08,1630.0,31
Italy,2020-12-09,1959.0,21
Italy,2020-12-10,990.0,21
Italy,2020-12-11,904.0,19
Italy,2020-12-12,975.0,13
Italy,2020-12-13,757.0,4
Italy,2020-12-14,1148.0,34
Italy,2020-12-15,617.0,11
Italy,2020-12-16,782.0,5
Italy,2020-12-17,1025.0,25
Italy,2020-12-18,-50.0,15
Italy,2020-12-19,1306.0,18
Italy,2020-12-20,310.0,7
Italy,2020-12-21,203.0,1
Italy,2020-12-22,1582.0,35
Italy,2020-12-23,1256.0,36
Italy,2020-12-24,472.0,11
Italy,2020-12-25,812.0,9
Italy,2020-12-26,515.0,7
Italy,2020-12-27,38.0,0
Italy,2020-12-28,603.0,9
Italy,2020-12-29,376.0,11
Italy,2020-12-30,840.0,20
Italy,2020-12-31,0.0,0
Italy,2021-01-01,537.0,12
Italy,2021-01-02,184.0,1
Italy,2021-01-03,0.0,0
Italy,2021-01-04,0.0,0
Italy,2021-01-05,0.0,0
Italy,2021-01-06,0.0,0
Italy,2021-01-07,0.0,0
Italy,2021-01-08,405.0,5
Italy,2021-01-09,0.0,0
Italy,2021-01-10,0.0,0
Italy,2021-01-11,0.0,0
Italy,2021-01-12,0.0,0
Italy,2021-01-13,213.0,2
Italy,2021-01-14,0.0,0
Italy,2021-01-15,61.0,1
Italy,2021-01-16,0.0,0
Italy,2021-01-17,366.0,6
Italy,2021-01-18,0.0,0
Italy,2021-01-19,589.0,16
Italy,2021-01-20,262.0,2
Italy,2021-01-21,0.0,0
Italy,2021-01-22,979.0,24
Italy,2021-01-23,56.0,1
Italy,2021-01-24,822.0,10
Italy,2021-01-25,395.0,5
Italy,2021-01-26,388.0,3
Italy,2021-01-27,947.0,20
Italy,2021-01-28,711.0,18
Italy,2021-01-29,537.0,12
Italy,2021-01-30,537.0,3
Italy,2021-01-31,764.0,18
Italy,2021-02-01,760.0,18
Italy,2021-02-02,613.0,8
Italy,2021-02-03,315.0,3
Italy,2021-02-04,0.0,0
Italy,2021-02-05,924.0,7
Italy,2021-02-06,928.0,22
Italy,2021-02-07,1745.0,20
Italy,2021-02-08,1430.0,26
Italy,2021-02-09,1859.0,41
Italy,2021-02-10,,62
Italy,2021-02-11,1379.0,33
Italy,2021-02-12,1085.0,7
Italy,2021-02-13,2014.0,53
Italy,2021-02-14,1376.0,40
Italy,2021-02-15,1635.0,9
Italy,2021-02-16,2585.0,32
Italy,2021-02-17,2218.0,60
Italy,2021-02-18,2583.0,47
Italy,2021-02-19,1421.0,7
Italy,2021-02-20,2217.0,53
Italy,2021-02-21,2859.0,84
Italy,2021-02-22,1721.0,15
Italy,2021-02-23,2566.0,68
Italy,2021-02-24,2760.0,56
Italy,2021-02-25,1466.0,29
Italy,2021-02-26,3548.0,21
Italy,2021-02-27,2457.0,72
Italy,2021-02-28,2839.0,85
Italy,2021-03-01,3855.0,31
Italy,2021-03-02,2171.0,55
Italy,2021-03-03,3409.0,46
Italy,2021-03-04,3030.0,17
Italy,2021-03-05,3366.0,60
Italy,2021-03-06,3009.0,78
Italy,2021-03-07,4208.0,82
Italy,2021-03-08,3021.0,19
Italy,2021-03-09,3859.0,102
Italy,2021-03-10,4030.0,63
Italy,2021-03-11,3784.0,71
Italy,2021-03-12,3768.0,57
Italy,2021-03-13,3847.0,112
Italy,2021-03-14,4578.0,84
Italy,2021-03-15,,110
Italy,2021-03-16,4154.0,119
Italy,2021-03-17,3706.0,73
Italy,2021-03-18,4410.0,115
Italy,2021-03-19,4664.0,47
Italy,2021-03-20,4436.0,43
Italy,2021-03-21,5245.0,123
Italy,2021-03-22,,78
Italy,2021-03-23,5894.0,170
Italy,2021-03-24,4578.0,63
Italy,2021-03-25,4138.0,39
Italy,2021-03-26,3875.0,59
Italy,2021-03-27,5253.0,143
Italy,2021-03-28,5143.0,96
Italy,2021-03-29,4777.0,61
Italy,2021-03-30,4898.0,85
Italy,2021-03-31,5041.0,117
Italy,2021-04-01,4767.0,36
Italy,2021-04-02,,126
Italy,2021-04-03,5353.0,85
Italy,2021-04-04,4992.0,134
Italy,2021-04-05,4233.0,106
Italy,2021-04-06,5784.0,139
Italy,2021-04-07,4851.0,30
Italy,2021-04-08,4574.0,84
Italy,2021-04-09,5766.0,36
Italy,2021-04-10,5364.0,74
Italy,2021-04-11,4078.0,37
Italy,2021-04-12,4254.0,73
Italy,2021-04-13,4892.0,50
Italy,2021-04-14,4442.0,57
Italy,2021-04-15,4992.0,118
Italy,2021-04-16,6390.0,155
Italy,2021-04-17,6556.0,156
Italy,2021-04-18,4989.0,116
Italy,2021-04-19,5394.0,74
Italy,2021-04-20,5411.0,32
Italy,2021-04-21,4863.0,31
Italy,2021-04-22,4135.0,80
Italy,2021-04-23,5401.0,157
Italy,2021-04-24,4721.0,83
Italy,2021-04-25,5000.0,83
Italy,2021-04-26,5084.0,134
Italy,2021-04-27,4261.0,61
Italy,2021-04-28,5485.0,58
Italy,2021-04-29,4608.0,132
Italy,2021-04-30,4628.0,23
Italy,2021-05-01,4234.0,77
Italy,2021-05-02,4757.0,44
Italy,2021-05-03,4849.0,54
Italy,2021-05-04,3981.0,113
Italy,2021-05-05,4498.0,98
Italy,2021-05-06,3908.0,73
Italy,2021-05-07,3429.0,26
Italy,2021-05-08,3817.0,107
Italy,2021-05-09,4223.0,67
Italy,2021-05-10,4117.0,30
Italy,2021-05-11,4309.0,80
Italy,2021-05-12,3333.0,23
Italy,2021-05-13,,90
Italy,2021-05-14,3552.0,53
Italy,2021-05-15,3749.0,46
Italy,2021-05-16,3288.0,37
Italy,2021-05-17,2776.0,28
Italy,2021-05-18,2383.0,23
Italy,2021-05-19,3693.0,74
Italy,2021-05-20,3549.0,32
Italy,2021-05-21,2574.0,48
Italy,2021-05-22,3583.0,96
Italy,2021-05-23,2705.0,63
Italy,2021-05-24,2881.0,53
Italy,2021-05-25,3205.0,50
Italy,2021-05-26,2225.0,30
Italy,2021-05-27,1984.0,22
Italy,2021-05-28,1404.0,21
Italy,2021-05-29,2361.0,70
Italy,2021-05-30,2347.0,44
Italy,2021-05-31,,30
Italy,2021-06-01,2252.0,26
Italy,2021-06-02,1910.0,30
Italy,2021-06-03,2360.0,38
Italy,2021-06-04,1162.0,15
Italy,2021-06-05,1804.0,33
Italy,2021-06-06,1785.0,42
Italy,2021-06-07,1379.0,31
Italy,2021-06-08,2247.0,52
Italy,2021-06-09,1509.0,27
Italy,2021-06-10,1898.0,48
Italy,2021-06-11,1593.0,11
Italy,2021-06-12,968.0,18
Italy,2021-06-13,1980.0,51
Italy,2021-06-14,1489.0,34
Italy,2021-06-15,862.0,24
Italy,2021-06-16,726.0,6
Italy,2021-06-17,194.0,4
Italy,2021-06-18,586.0,14
Italy,2021-06-19,484.0,7
Italy,2021-06-20,656.0,7
Italy,2021-06-21,279.0,4
Italy,2021-06-22,737.0,18
Italy,2021-06-23,354.0,3
Italy,2021-06-24,0.0,0
Italy,2021-06-25,47.0,1
Italy,2021-06-26,0.0,0
Italy,2021-06-27,0.0,0
Italy,2021-06-28,64.0,1
Italy,2021-06-29,631.0,5
Italy,2021-06-30,0.0,0
Italy,2021-07-01,0.0,0
Italy,2021-07-02,1.0,0
Italy,2021-07-03,1596.0,18
Italy,2021-07-04,0.0,0
Italy,2021-07-05,,4
Italy,2021-07-06,0.0,0
Italy,2021-07-07,455.0,5
Italy,2021-07-08,750.0,9
Italy,2021-07-09,0.0,0
Italy,2021-07-10,617.0,8
Italy,2021-07-11,0.0,0
Italy,2021-07-12,130.0,3
Italy,2021-07-13,0.0,0
Italy,2021-07-14,,1
Italy,2021-07-15,0.0,0
Italy,2021-07-16,208.0,3
Italy,2021-07-17,0.0,0
Italy,2021-07-18,253.0,6
Italy,2021-07-19,222.0,4
Italy,2021-07-20,0.0,0
Italy,2021-07-21,0.0,0
Italy,2021-07-22,0.0,0
Italy,2021-07-23,106.0,3
Italy,2021-07-24,558.0,9
Italy,2021-07-25,,9
Italy,2021-07-26,527.0,9
Italy,2021-07-27,1149.0,12
Italy,2021-07-28,387.0,8
Italy,2021-07-29,759.0,18
Italy,2021-07-30,1092.0,8
Italy,2021-07-31,992.0,10
Italy,2021-08-01,989.0,7
Italy,2021-08-02,897.0,5
Italy,2021-08-03,1912.0,25
Italy,2021-08-04,954.0,16
Italy,2021-08-05,866.0,16
Italy,2021-08-06,1441.0,25
Italy,2021-08-07,2051.0,52
Italy,2021-08-08,2014.0,18
Italy,2021-08-09,1384.0,40
Italy,2021-08-10,1873.0,44
Italy,2021-08-11,1783.0,11
Italy,2021-08-12,1648.0,10
Italy,2021-08-13,2027.0,15
Italy,2021-08-14,2094.0,42
Italy,2021-08-15,1934.0,36
Italy,2021-08-16,,32
Italy,2021-08-17,1842.0,40
Italy,2021-08-18,2838.0,38
Italy,2021-08-19,3287.0,81
Italy,2021-08-20,3383.0,78
Italy,2021-08-21,2528.0,27
Italy,2021-08-22,2383.0,16
Italy,2021-08-23,1747.0,35
Italy,2021-08-24,2626.0,18
Italy,2021-08-25,3996.0,76
Italy,2021-08-26,2030.0,44
Italy,2021-08-27,2129.0,18
Italy,2021-08-28,3439.0,83
Italy,2021-08-29,,51
Italy,2021-08-30,2249.0,46
Italy,2021-08-31,3241.0,58
Italy,2021-09-01,3530.0,80
Italy,2021-09-02,2663.0,46
Italy,2021-09-03,4015.0,72
Italy,2021-09-04,2926.0,49
Italy,2021-09-05,4266.0,38
Italy,2021-09-06,3869.0,80
Italy,2021-09-07,3486.0,19
Italy,2021-09-08,3095.0,47
Italy,2021-09-09,3819.0,93
Italy,2021-09-10,4018.0,106
Italy,2021-09-11,4072.0,106
Italy,2021-09-12,3903.0,91
Italy,2021-09-13,4166.0,121
Italy,2021-09-14,,142
Italy,2021-09-15,3936.0,59
Italy,2021-09-16,4356.0,95
Italy,2021-09-17,4757.0,42
Italy,2021-09-18,4566.0,94
Italy,2021-09-19,5074.0,67
Italy,2021-09-20,5479.0,147
Italy,2021-09-21,4549.0,38
Italy,2021-09-22,4887.0,44
Italy,2021-09-23,3315.0,70
Italy,2021-09-24,4682.0,88
Italy,2021-09-25,5241.0,107
Italy,2021-09-26,4358.0,86
Italy,2021-09-27,,34
Italy,2021-09-28,4028.0,80
Italy,2021-09-29,5711.0,91
Italy,2021-09-30,4777.0,47
Italy,2021-10-01,4539.0,116
Italy,2021-10-02,4830.0,112
Italy,2021-10-03,4956.0,105
Italy,2021-10-04,4583.0,70
Italy,2021-10-05,,39
Italy,2021-10-06,4847.0,24
Italy,2021-10-07,,149
Italy,2021-10-08,5323.0,89
Italy,2021-10-09,5798.0,99
Italy,2021-10-10,4790.0,59
Italy,2021-10-11,4909.0,75
Italy,2021-10-12,4906.0,101
Italy,2021-10-13,5134.0,82
Italy,2021-10-14,5276.0,134
Italy,2021-10-15,5917.0,58
Italy,2021-10-16,5351.0,43
Italy,2021-10-17,5046.0,132
Italy,2021-10-18,5624.0,55
Italy,2021-10-19,4493.0,57
Italy,2021-10-20,4183.0,98
Italy,2021-10-21,5158.0,29
Italy,2021-10-22,4858.0,87
Italy,2021-10-23,4788.0,62
Italy,2021-10-24,5156.0,146
Italy,2021-10-25,4455.0,80
Italy,2021-10-26,4516.0,80
Italy,2021-10-27,4711.0,99
Italy,2021-10-28,,119
Italy,2021-10-29,4902.0,60
Italy,2021-10-30,4394.0,24
Italy,2021-10-31,4405.0,86
Italy,2021-11-01,2962.0,47
Italy,2021-11-02,4759.0,48
Italy,2021-11-03,3257.0,74
Italy,2021-11-04,3965.0,92
Italy,2021-11-05,5212.0,153
Italy,2021-11-06,3669.0,105
Italy,2021-11-07,2948.0,32
Italy,2021-11-08,4505.0,65
Italy,2021-11-09,3314.0,78
Italy,2021-11-10,3432.0,18
Italy,2021-11-11,3348.0,85
Italy,2021-11-12,3725.0,79
Italy,2021-11-13,3661.0,46
Italy,2021-11-14,3113.0,83
Italy,2021-11-15,3659.0,60
Italy,2021-11-16,,27
Italy,2021-11-17,,82
Italy,2021-11-18,2506.0,69
Italy,2021-11-19,3094.0,26
Italy,2021-11-20,2305.0,66
Italy,2021-11-21,2333.0,21
Italy,2021-11-22,3224.0,71
Italy,2021-11-23,1805.0,31
Italy,2021-11-24,1690.0,45
Italy,2021-11-25,,74
Italy,2021-11-26,1976.0,14
Italy,2021-11-27,1806.0,29
Italy,2021-11-28,1867.0,49
Italy,2021-11-29,2939.0,44
Italy,2021-11-30,1238.0,11
Italy,2021-12-01,1545.0,26
Italy,2021-12-02,1685.0,10
Italy,2021-12-03,1037.0,9
Italy,2021-12-04,1419.0,37
Italy,2021-12-05,1606.0,41
Italy,2021-12-06,814.0,20
Italy,2021-12-07,1774.0,11
Italy,2021-12-08,544.0,11
Italy,2021-12-09,981.0,16
Italy,2021-12-10,1156.0,25
Italy,2021-12-11,2542.0,34
Italy,2021-12-12,0.0,0
Italy,2021-12-13,926.0,26
Italy,2021-12-14,2008.0,44
Italy,2021-12-15,353.0,7
Italy,2021-12-16,,20
Italy,2021-12-17,653.0,8
Italy,2021-12-18,0.0,0
Italy,2021-12-19,640.0,17
Italy,2021-12-20,0.0,0
Italy,2021-12-21,388.0,2
Italy,2021-12-22,0.0,0
Italy,2021-12-23,633.0,13
Italy,2021-12-24,0.0,0
Italy,2021-12-25,100.0,1
Italy,2021-12-26,813.0,23
Italy,2021-12-27,,7
Italy,2021-12-28,0.0,0
Italy,2021-12-29,0.0,0
Italy,2021-12-30,0.0,0
Italy,2021-12-31,1428.0,15
Spain,2020-03-01,1294.0,25
Spain,2020-03-02,1878.0,34
Spain,2020-03-03,1589.0,24
Spain,2020-03-04,1963.0,10
Spain,2020-03-05,1514.0,18
Spain,2020-03-06,1970.0,50
Spain,2020-03-07,2246.0,31
Spain,2020-03-08,1738.0,37
Spain,2020-03-09,1902.0,56
Spain,2020-03-10,2231.0,55
Spain,2020-03-11,2252.0,29
Spain,2020-03-12,,24
Spain,2020-03-13,2153.0,60
Spain,2020-03-14,1763.0,18
Spain,2020-03-15,2285.0,52
Spain,2020-03-16,1940.0,40
Spain,2020-03-17,2404.0,45
Spain,2020-03-18,1711.0,21
Spain,2020-03-19,2904.0,85
Spain,2020-03-20,3087.0,74
Spain,2020-03-21,2685.0,41
Spain,2020-03-22,,21
Spain,2020-03-23,2537.0,38
Spain,2020-03-24,2937.0,17
Spain,2020-03-25,2903.0,28
Spain,2020-03-26,2526.0,27
Spain,2020-03-27,3136.0,27
Spain,2020-03-28,3024.0,55
Spain,2020-03-29,2997.0,25
Spain,2020-03-30,2756.0,19
Spain,2020-03-31,,19
Spain,2020-04-01,2700.0,73
Spain,2020-04-02,,20
Spain,2020-04-03,2762.0,80
Spain,2020-04-04,3339.0,94
Spain,2020-04-05,3015.0,53
Spain,2020-04-06,3084.0,83
Spain,2020-04-07,3136.0,17
Spain,2020-04-08,3147.0,75
Spain,2020-04-09,2629.0,48
Spain,2020-04-10,3460.0,70
Spain,2020-04-11,3109.0,93
Spain,2020-04-12,2919.0,26
Spain,2020-04-13,2797.0,35
Spain,2020-04-14,2886.0,64
Spain,2020-04-15,2908.0,27
Spain,2020-04-16,3097.0,86
Spain,2020-04-17,2829.0,25
Spain,2020-04-18,3119.0,46
Spain,2020-04-19,3123.0,74
Spain,2020-04-20,2861.0,76
Spain,2020-04-21,3730.0,92
Spain,2020-04-22,3012.0,76
Spain,2020-04-23,3135.0,47
Spain,2020-04-24,3051.0,43
Spain,2020-04-25,2952.0,55
Spain,2020-04-26,3185.0,29
Spain,2020-04-27,3377.0,62
Spain,2020-04-28,2915.0,54
Spain,2020-04-29,2652.0,34
Spain,2020-04-30,3052.0,26
Spain,2020-05-01,2206.0,15
Spain,2020-05-02,-50.0,40
Spain,2020-05-03,2741.0,50
Spain,2020-05-04,2864.0,84
Spain,2020-05-05,2274.0,22
Spain,2020-05-06,2564.0,14
Spain,2020-05-07,2348.0,29
Spain,2020-05-08,2458.0,41
Spain,2020-05-09,2760.0,53
Spain,2020-05-10,2481.0,33
Spain,2020-05-11,2318.0,64
Spain,2020-05-12,,29
Spain,2020-05-13,2415.0,27
Spain,2020-05-14,1753.0,20
Spain,2020-05-15,2004.0,58
Spain,2020-05-16,2396.0,40
Spain,2020-05-17,,32
Spain,2020-05-18,2242.0,14
Spain,2020-05-19,2204.0,32
Spain,2020-05-20,1803.0,45
Spain,2020-05-21,1995.0,51
Spain,2020-05-22,1613.0,46
Spain,2020-05-23,1667.0,16
Spain,2020-05-24,1591.0,9
Spain,2020-05-25,1560.0,14
Spain,2020-05-26,1657.0,11
Spain,2020-05-27,1638.0,43
Spain,2020-05-28,1411.0,17
Spain,2020-05-29,1924.0,49
Spain,2020-05-30,1407.0,17
Spain,2020-05-31,1954.0,14
Spain,2020-06-01,1739.0,20
Spain,2020-06-02,1017.0,20
Spain,2020-06-03,1597.0,46
Spain,2020-06-04,854.0,17
Spain,2020-06-05,1659.0,41
Spain,2020-06-06,1269.0,22
Spain,2020-06-07,818.0,22
Spain,2020-06-08,405.0,10
Spain,2020-06-09,894.0,26
Spain,2020-06-10,556.0,14
Spain,2020-06-11,1244.0,27
Spain,2020-06-12,489.0,12
Spain,2020-06-13,747.0,20
Spain,2020-06-14,917.0,20
Spain,2020-06-15,726.0,5
Spain,2020-06-16,756.0,12
Spain,2020-06-17,558.0,16
Spain,2020-06-18,808.0,18
Spain,2020-06-19,267.0,4
Spain,2020-06-20,679.0,18
Spain,2020-06-21,105.0,1
Spain,2020-06-22,484.0,7
Spain,2020-06-23,50.0,0
Spain,2020-06-24,297.0,6
Spain,2020-06-25,501.0,9
Spain,2020-06-26,665.0,8
Spain,2020-06-27,0.0,0
Spain,2020-06-28,0.0,0
Spain,2020-06-29,0.0,0
Spain,2020-06-30,543.0,10
Spain,2020-07-01,0.0,0
Spain,2020-07-02,343.0,7
Spain,2020-07-03,0.0,0
Spain,2020-07-04,0.0,0
Spain,2020-07-05,106.0,0
Spain,2020-07-06,0.0,0
Spain,2020-07-07,263.0,2
Spain,2020-07-08,280.0,4
Spain,2020-07-09,,3
Spain,2020-07-10,0.0,0
Spain,2020-07-11,,11
Spain,2020-07-12,292.0,5
Spain,2020-07-13,0.0,0
Spain,2020-07-14,665.0,5
Spain,2020-07-15,506.0,11
Spain,2020-07-16,0.0,0
Spain,2020-07-17,104.0,2
Spain,2020-07-18,0.0,0
Spain,2020-07-19,0.0,0
Spain,2020-07-20,86.0,2
Spain,2020-07-21,228.0,6
Spain,2020-07-22,0.0,0
Spain,2020-07-23,63.0,1
Spain,2020-07-24,0.0,0
Spain,2020-07-25,223.0,4
Spain,2020-07-26,329.0,8
Spain,2020-07-27,173.0,2
Spain,2020-07-28,522.0,3
Spain,2020-07-29,429.0,6
Spain,2020-07-30,340.0,3
Spain,2020-07-31,608.0,13
Spain,2020-08-01,0.0,0
Spain,2020-08-02,309.0,6
Spain,2020-08-03,0.0,0
Spain,2020-08-04,383.0,4
Spain,2020-08-05,283.0,6
Spain,2020-08-06,712.0,18
Spain,2020-08-07,368.0,6
Spain,2020-08-08,349.0,6
Spain,2020-08-09,555.0,3
Spain,2020-08-10,586.0,11
Spain,2020-08-11,825.0,16
Spain,2020-08-12,451.0,4
Spain,2020-08-13,307.0,7
Spain,2020-08-14,326.0,2
Spain,2020-08-15,1202.0,22
Spain,2020-08-16,522.0,3
Spain,2020-08-17,812.0,21
Spain,2020-08-18,668.0,10
Spain,2020-08-19,1319.0,38
Spain,2020-08-20,933.0,15
Spain,2020-08-21,,37
Spain,2020-08-22,994.0,17
Spain,2020-08-23,1349.0,8
Spain,2020-08-24,1541.0,19
Spain,2020-08-25,1658.0,32
Spain,2020-08-26,1058.0,26
Spain,2020-08-27,,8
Spain,2020-08-28,1501.0,26
Spain,2020-08-29,1026.0,24
Spain,2020-08-30,1848.0,19
Spain,2020-08-31,1804.0,24
Spain,2020-09-01,,23
Spain,2020-09-02,1370.0,32
Spain,2020-09-03,1899.0,23
Spain,2020-09-04,2028.0,56
Spain,2020-09-05,2259.0,58
Spain,2020-09-06,1841.0,34
Spain,2020-09-07,2254.0,66
Spain,2020-09-08,2693.0,34
Spain,2020-09-09,,10
Spain,2020-09-10,2072.0,45
Spain,2020-09-11,2146.0,54
Spain,2020-09-12,1840.0,52
Spain,2020-09-13,2227.0,20
Spain,2020-09-14,2873.0,16
Spain,2020-09-15,2145.0,42
Spain,2020-09-16,2410.0,36
Spain,2020-09-17,2872.0,30
Spain,2020-09-18,,59
Spain,2020-09-19,,48
Spain,2020-09-20,2526.0,51
Spain,2020-09-21,2629.0,73
Spain,2020-09-22,2702.0,71
Spain,2020-09-23,2940.0,27
Spain,2020-09-24,2788.0,18
Spain,2020-09-25,,65
Spain,2020-09-26,2260.0,11
Spain,2020-09-27,3100.0,31
Spain,2020-09-28,2718.0,75
Spain,2020-09-29,2906.0,42
Spain,2020-09-30,2797.0,65
Spain,2020-10-01,3140.0,67
Spain,2020-10-02,2929.0,22
Spain,2020-10-03,3171.0,74
Spain,2020-10-04,2755.0,65
Spain,2020-10-05,3069.0,16
Spain,2020-10-06,3395.0,98
Spain,2020-10-07,3371.0,25
Spain,2020-10-08,2935.0,49
Spain,2020-10-09,,52
Spain,2020-10-10,2942.0,49
Spain,2020-10-11,3021.0,90
Spain,2020-10-12,3063.0,28
Spain,2020-10-13,3423.0,86
Spain,2020-10-14,3230.0,87
Spain,2020-10-15,3490.0,30
Spain,2020-10-16,3507.0,17
Spain,2020-10-17,,30
Spain,2020-10-18,3118.0,19
Spain,2020-10-19,2878.0,19
Spain,2020-10-20,2511.0,64
Spain,2020-10-21,2658.0,15
Spain,2020-10-22,2814.0,32
Spain,2020-10-23,3451.0,23
Spain,2020-10-24,2952.0,25
Spain,2020-10-25,2848.0,52
Spain,2020-10-26,2871.0,79
Spain,2020-10-27,2628.0,70
Spain,2020-10-28,2878.0,22
Spain,2020-10-29,2770.0,71
Spain,2020-10-30,2275.0,60
Spain,2020-10-31,2575.0,28
Spain,2020-11-01,3713.0,37
Spain,2020-11-02,2856.0,40
Spain,2020-11-03,,63
Spain,2020-11-04,2793.0,83
Spain,2020-11-05,2260.0,41
Spain,2020-11-06,2540.0,38
Spain,2020-11-07,2735.0,38
Spain,2020-11-08,1946.0,31
Spain,2020-11-09,2164.0,24
Spain,2020-11-10,2220.0,50
Spain,2020-11-11,2210.0,43
Spain,2020-11-12,2094.0,28
Spain,2020-11-13,2282.0,51
Spain,2020-11-14,,60
Spain,2020-11-15,2207.0,21
Spain,2020-11-16,2361.0,34
Spain,2020-11-17,2317.0,47
Spain,2020-11-18,1773.0,41
Spain,2020-11-19,1982.0,13
Spain,2020-11-20,1736.0,13
Spain,2020-11-21,1993.0,48
Spain,2020-11-22,1639.0,39
Spain,2020-11-23,1635.0,16
Spain,2020-11-24,2147.0,31
Spain,2020-11-25,1531.0,33
Spain,2020-11-26,1063.0,18
Spain,2020-11-27,1513.0,37
Spain,2020-11-28,1513.0,15
Spain,2020-11-29,1220.0,18
Spain,2020-11-30,1339.0,17
Spain,2020-12-01,1571.0,40
Spain,2020-12-02,1058.0,14
Spain,2020-12-03,1105.0,25
Spain,2020-12-04,898.0,14
Spain,2020-12-05,1158.0,11
Spain,2020-12-06,971.0,20
Spain,2020-12-07,682.0,6
Spain,2020-12-08,863.0,6
Spain,2020-12-09,1409.0,37
Spain,2020-12-10,304.0,8
Spain,2020-12-11,353.0,4
Spain,2020-12-12,822.0,11
Spain,2020-12-13,263.0,5
Spain,2020-12-14,1217.0,24
Spain,2020-12-15,145.0,2
Spain,2020-12-16,159.0,1
Spain,2020-12-17,355.0,8
Spain,2020-12-18,793.0,9
Spain,2020-12-19,672.0,18
Spain,2020-12-20,566.0,16
Spain,2020-12-21,450.0,5
Spain,2020-12-22,716.0,14
Spain,2020-12-23,0.0,0
Spain,2020-12-24,348.0,3
Spain,2020-12-25,663.0,19
Spain,2020-12-26,0.0,0
Spain,2020-12-27,278.0,4
Spain,2020-12-28,524.0,7
Spain,2020-12-29,509.0,7
Spain,2020-12-30,,0
Spain,2020-12-31,652.0,18
Spain,2021-01-01,229.0,6
Spain,2021-01-02,383.0,9
Spain,2021-01-03,0.0,0
Spain,2021-01-04,0.0,0
Spain,2021-01-05,0.0,0
Spain,2021-01-06,546.0,3
Spain,2021-01-07,0.0,0
Spain,2021-01-08,0.0,0
Spain,2021-01-09,243.0,4
Spain,2021-01-10,48.0,0
Spain,2021-01-11,0.0,0
Spain,2021-01-12,0.0,0
Spain,2021-01-13,0.0,0
Spain,2021-01-14,379.0,5
Spain,2021-01-15,0.0,0
Spain,2021-01-16,0.0,0
Spain,2021-01-17,367.0,2
Spain,2021-01-18,291.0,4
Spain,2021-01-19,0.0,0
Spain,2021-01-20,11.0,0
Spain,2021-01-21,0.0,0
Spain,2021-01-22,543.0,12
Spain,2021-01-23,31.0,0
Spain,2021-01-24,562.0,10
Spain,2021-01-25,448.0,12
Spain,2021-01-26,0.0,0
Spain,2021-01-27,223.0,2
Spain,2021-01-28,490.0,11
Spain,2021-01-29,461.0,6
Spain,2021-01-30,817.0,13
Spain,2021-01-31,730.0,10
Spain,2021-02-01,,4
Spain,2021-02-02,678.0,7
Spain,2021-02-03,301.0,8
Spain,2021-02-04,,7
Spain,2021-02-05,773.0,6
Spain,2021-02-06,736.0,21
Spain,2021-02-07,351.0,8
Spain,2021-02-08,702.0,16
Spain,2021-02-09,534.0,9
Spain,2021-02-10,653.0,13
Spain,2021-02-11,1249.0,10
Spain,2021-02-12,633.0,6
Spain,2021-02-13,769.0,16
Spain,2021-02-14,1181.0,25
Spain,2021-02-15,1086.0,16
Spain,2021-02-16,1165.0,29
Spain,2021-02-17,738.0,7
Spain,2021-02-18,1211.0,10
Spain,2021-02-19,1161.0,7
Spain,2021-02-20,1084.0,30
Spain,2021-02-21,1211.0,22
Spain,2021-02-22,1343.0,26
Spain,2021-02-23,1733.0,36
Spain,2021-02-24,,16
Spain,2021-02-25,1624.0,43
Spain,2021-02-26,2084.0,61
Spain,2021-02-27,1731.0,18
Spain,2021-02-28,1311.0,14
Spain,2021-03-01,1821.0,47
Spain,2021-03-02,2236.0,39
Spain,2021-03-03,2323.0,22
Spain,2021-03-04,1699.0,49
Spain,2021-03-05,2673.0,69
Spain,2021-03-06,1843.0,26
Spain,2021-03-07,1895.0,39
Spain,2021-03-08,2006.0,46
Spain,2021-03-09,2639.0,36
Spain,2021-03-10,2376.0,46
Spain,2021-03-11,2574.0,37
Spain,2021-03-12,1692.0,44
Spain,2021-03-13,2379.0,25
Spain,2021-03-14,2405.0,39
Spain,2021-03-15,2688.0,17
Spain,2021-03-16,2384.0,47
Spain,2021-03-17,2917.0,18
Spain,2021-03-18,2399.0,32
Spain,2021-03-19,2228.0,53
Spain,2021-03-20,2191.0,40
Spain,2021-03-21,3086.0,41
Spain,2021-03-22,2970.0,51
Spain,2021-03-23,2547.0,20
Spain,2021-03-24,3135.0,35
Spain,2021-03-25,2787.0,77
Spain,2021-03-26,2830.0,24
Spain,2021-03-27,2459.0,60
Spain,2021-03-28,2753.0,64
Spain,2021-03-29,,62
Spain,2021-03-30,3020.0,73
Spain,2021-03-31,,23
Spain,2021-04-01,3290.0,46
Spain,2021-04-02,3438.0,46
Spain,2021-04-03,2786.0,29
Spain,2021-04-04,3156.0,34
Spain,2021-04-05,2597.0,32
Spain,2021-04-06,3179.0,92
Spain,2021-04-07,2778.0,40
Spain,2021-04-08,3022.0,74
Spain,2021-04-09,3122.0,74
Spain,2021-04-10,3000.0,70
Spain,2021-04-11,3380.0,58
Spain,2021-04-12,2839.0,50
Spain,2021-04-13,2926.0,27
Spain,2021-04-14,3153.0,85
Spain,2021-04-15,,43
Spain,2021-04-16,3114.0,71
Spain,2021-04-17,2965.0,79
Spain,2021-04-18,2775.0,53
Spain,2021-04-19,3194.0,45
Spain,2021-04-20,3004.0,80
Spain,2021-04-21,3227.0,24
Spain,2021-04-22,,79
Spain,2021-04-23,2814.0,34
Spain,2021-04-24,2675.0,60
Spain,2021-04-25,2734.0,28
Spain,2021-04-26,2649.0,72
Spain,2021-04-27,2225.0,37
Spain,2021-04-28,3266.0,25
Spain,2021-04-29,2870.0,72
Spain,2021-04-30,3404.0,46
Spain,2021-05-01,2516.0,18
Spain,2021-05-02,2819.0,73
Spain,2021-05-03,2688.0,19
Spain,2021-05-04,2547.0,25
Spain,2021-05-05,2817.0,27
Spain,2021-05-06,,37
Spain,2021-05-07,2421.0,71
Spain,2021-05-08,2448.0,16
Spain,2021-05-09,1697.0,50
Spain,2021-05-10,2098.0,25
Spain,2021-05-11,2046.0,31
Spain,2021-05-12,2702.0,66
Spain,2021-05-13,2340.0,61
Spain,2021-05-14,2349.0,19
Spain,2021-05-15,2254.0,50
Spain,2021-05-16,1962.0,31
Spain,2021-05-17,2454.0,17
Spain,2021-05-18,1855.0,55
Spain,2021-05-19,1447.0,22
Spain,2021-05-20,,44
Spain,2021-05-21,2106.0,49
Spain,2021-05-22,1737.0,19
Spain,2021-05-23,1760.0,21
Spain,2021-05-24,1882.0,27
Spain,2021-05-25,1997.0,54
Spain,2021-05-26,1665.0,43
Spain,2021-05-27,1935.0,41
Spain,2021-05-28,,20
Spain,2021-05-29,1951.0,25
Spain,2021-05-30,876.0,12
Spain,2021-05-31,1507.0,22
Spain,2021-06-01,1262.0,20
Spain,2021-06-02,1161.0,17
Spain,2021-06-03,,9
Spain,2021-06-04,1341.0,31
Spain,2021-06-05,917.0,24
Spain,2021-06-06,633.0,17
Spain,2021-06-07,691.0,6
Spain,2021-06-08,761.0,14
Spain,2021-06-09,813.0,7
Spain,2021-06-10,470.0,12
Spain,2021-06-11,421.0,7
Spain,2021-06-12,771.0,4
Spain,2021-06-13,585.0,14
Spain,2021-06-14,1143.0,24
Spain,2021-06-15,400.0,3
Spain,2021-06-16,704.0,18
Spain,2021-06-17,960.0,6
Spain,2021-06-18,352.0,9
Spain,2021-06-19,666.0,19
Spain,2021-06-20,432.0,6
Spain,2021-06-21,326.0,6
Spain,2021-06-22,752.0,11
Spain,2021-06-23,0.0,0
Spain,2021-06-24,45.0,1
Spain,2021-06-25,0.0,0
Spain,2021-06-26,138.0,2
Spain,2021-06-27,440.0,11
Spain,2021-06-28,55.0,0
Spain,2021-06-29,352.0,8
Spain,2021-06-30,0.0,0
Spain,2021-07-01,413.0,10
Spain,2021-07-02,30.0,0
Spain,2021-07-03,0.0,0
Spain,2021-07-04,523.0,4
Spain,2021-07-05,30.0,0
Spain,2021-07-06,195.0,2
Spain,2021-07-07,,0
Spain,2021-07-08,226.0,1
Spain,2021-07-09,54.0,0
Spain,2021-07-10,0.0,0
Spain,2021-07-11,105.0,1
Spain,2021-07-12,167.0,1
Spain,2021-07-13,147.0,2
Spain,2021-07-14,,0
Spain,2021-07-15,584.0,6
Spain,2021-07-16,0.0,0
Spain,2021-07-17,113.0,1
Spain,2021-07-18,155.0,2
Spain,2021-07-19,0.0,0
Spain,2021-07-20,0.0,0
Spain,2021-07-21,345.0,9
Spain,2021-07-22,371.0,8
Spain,2021-07-23,238.0,3
Spain,2021-07-24,0.0,0
Spain,2021-07-25,165.0,2
Spain,2021-07-26,350.0,4
Spain,2021-07-27,492.0,10
Spain,2021-07-28,691.0,7
Spain,2021-07-29,509.0,10
Spain,2021-07-30,693.0,8
Spain,2021-07-31,934.0,8
Spain,2021-08-01,,0
Spain,2021-08-02,815.0,13
Spain,2021-08-03,435.0,3
Spain,2021-08-04,747.0,7
Spain,2021-08-05,709.0,8
Spain,2021-08-06,392.0,3
Spain,2021-08-07,471.0,2
Spain,2021-08-08,910.0,7
Spain,2021-08-09,776.0,18
Spain,2021-08-10,1090.0,16
Spain,2021-08-11,811.0,17
Spain,2021-08-12,1603.0,35
Spain,2021-08-13,948.0,19
Spain,2021-08-14,1682.0,32
Spain,2021-08-15,902.0,23
Spain,2021-08-16,1340.0,9
Spain,2021-08-17,1558.0,20
Spain,2021-08-18,896.0,4
Spain,2021-08-19,1049.0,17
Spain,2021-08-20,-50.0,40
Spain,2021-08-21,1775.0,32
Spain,2021-08-22,,49
Spain,2021-08-23,1708.0,34
Spain,2021-08-24,1906.0,11
Spain,2021-08-25,1311.0,9
Spain,2021-08-26,1581.0,34
Spain,2021-08-27,2181.0,62
Spain,2021-08-28,1649.0,14
Spain,2021-08-29,1792.0,50
Spain,2021-08-30,1406.0,31
Spain,2021-08-31,1911.0,16
Spain,2021-09-01,1551.0,19
Spain,2021-09-02,,56
Spain,2021-09-03,2549.0,67
Spain,2021-09-04,2258.0,50
Spain,2021-09-05,2264.0,65
Spain,2021-09-06,2145.0,52
Spain,2021-09-07,,69
Spain,2021-09-08,2029.0,29
Spain,2021-09-09,2264.0,36
Spain,2021-09-10,3075.0,40
Spain,2021-09-11,2103.0,21
Spain,2021-09-12,2361.0,29
Spain,2021-09-13,2158.0,18
Spain,2021-09-14,2966.0,85
Spain,2021-09-15,2574.0,52
Spain,2021-09-16,2307.0,66
Spain,2021-09-17,2347.0,19
Spain,2021-09-18,3072.0,63
Spain,2021-09-19,2977.0,48
Spain,2021-09-20,3044.0,84
Spain,2021-09-21,2820.0,15
Spain,2021-09-22,-50.0,63
Spain,2021-09-23,3277.0,59
Spain,2021-09-24,3111.0,19
Spain,2021-09-25,2469.0,41
Spain,2021-09-26,2382.0,29
Spain,2021-09-27,2549.0,31
Spain,2021-09-28,3073.0,18
Spain,2021-09-29,2571.0,66
Spain,2021-09-30,2706.0,26
Spain,2021-10-01,3045.0,84
Spain,2021-10-02,2787.0,23
Spain,2021-10-03,2677.0,72
Spain,2021-10-04,3340.0,97
Spain,2021-10-05,3207.0,54
Spain,2021-10-06,3296.0,87
Spain,2021-10-07,3336.0,38
Spain,2021-10-08,,29
Spain,2021-10-09,3050.0,71
Spain,2021-10-10,3001.0,57
Spain,2021-10-11,2534.0,66
Spain,2021-10-12,2969.0,55
Spain,2021-10-13,2854.0,84
Spain,2021-10-14,3324.0,51
Spain,2021-10-15,3201.0,48
Spain,2021-10-16,3420.0,82
Spain,2021-10-17,3290.0,98
Spain,2021-10-18,3299.0,43
Spain,2021-10-19,3085.0,34
Spain,2021-10-20,2948.0,74
Spain,2021-10-21,2770.0,33
Spain,2021-10-22,2851.0,25
Spain,2021-10-23,2549.0,48
Spain,2021-10-24,2914.0,36
Spain,2021-10-25,2744.0,21
Spain,2021-10-26,2139.0,43
Spain,2021-10-27,1909.0,28
Spain,2021-10-28,2453.0,18
Spain,2021-10-29,2492.0,31
Spain,2021-10-30,2503.0,38
Spain,2021-10-31,2932.0,25
Spain,2021-11-01,2327.0,52
Spain,2021-11-02,2097.0,13
Spain,2021-11-03,2539.0,39
Spain,2021-11-04,2677.0,34
Spain,2021-11-05,2822.0,78
Spain,2021-11-06,1995.0,16
Spain,2021-11-07,2172.0,15
Spain,2021-11-08,2073.0,27
Spain,2021-11-09,2593.0,75
Spain,2021-11-10,2305.0,39
Spain,2021-11-11,2058.0,55
Spain,2021-11-12,,13
Spain,2021-11-13,1844.0,45
Spain,2021-11-14,1838.0,41
Spain,2021-11-15,1835.0,53
Spain,2021-11-16,,15
Spain,2021-11-17,1666.0,13
Spain,2021-11-18,1790.0,52
Spain,2021-11-19,1704.0,48
Spain,2021-11-20,2014.0,35
Spain,2021-11-21,1779.0,48
Spain,2021-11-22,1451.0,37
Spain,2021-11-23,777.0,15
Spain,2021-11-24,932.0,15
Spain,2021-11-25,1165.0,6
Spain,2021-11-26,1147.0,25
Spain,2021-11-27,824.0,19
Spain,2021-11-28,1045.0,20
Spain,2021-11-29,,27
Spain,2021-11-30,866.0,14
Spain,2021-12-01,959.0,10
Spain,2021-12-02,923.0,26
Spain,2021-12-03,696.0,4
Spain,2021-12-04,600.0,7
Spain,2021-12-05,,7
Spain,2021-12-06,836.0,16
Spain,2021-12-07,408.0,6
Spain,2021-12-08,70.0,1
Spain,2021-12-09,344.0,5
Spain,2021-12-10,728.0,14
Spain,2021-12-11,67.0,0
Spain,2021-12-12,768.0,10
Spain,2021-12-13,288.0,5
Spain,2021-12-14,458.0,9
Spain,2021-12-15,158.0,2
Spain,2021-12-16,519.0,3
Spain,2021-12-17,330.0,7
Spain,2021-12-18,391.0,6
Spain,2021-12-19,0.0,0
Spain,2021-12-20,434.0,5
Spain,2021-12-21,0.0,0
Spain,2021-12-22,72.0,0
Spain,2021-12-23,296.0,6
Spain,2021-12-24,66.0,0
Spain,2021-12-25,247.0,5
Spain,2021-12-26,131.0,2
Spain,2021-12-27,91.0,2
Spain,2021-12-28,0.0,0
Spain,2021-12-29,328.0,5
Spain,2021-12-30,350.0,2
Spain,2021-12-31,0.0,0
